<?xml version="1.0" ?>
<ExportAPERO>
     <CalibrationInternConique>
          <KnownConv>eConvApero_DistM2C</KnownConv>
          <PP>642.883852157338993 478.130298540137517</PP>
          <F>1099.75112039511328</F>
          <SzIm>1296 972</SzIm>
          <CalibDistortion>
               <ModPhgrStd>
                    <RadialePart>
                         <CDist>642.883852157338993 478.130298540137517</CDist>
                         <CoeffDist>-5.47748449388403361e-08</CoeffDist>
                         <CoeffDist>3.41062473279627869e-14</CoeffDist>
                         <CoeffDist>-1.57859030149518226e-20</CoeffDist>
                         <PPaEqPPs>true</PPaEqPPs>
                    </RadialePart>
                    <P1>-1.59054920078059848e-06</P1>
                    <P2>-2.23569272797878005e-06</P2>
                    <b1>0.000175949745040727658</b1>
                    <b2>-9.86760241100428893e-05</b2>
               </ModPhgrStd>
          </CalibDistortion>
     </CalibrationInternConique>
</ExportAPERO>
