<?xml version="1.0" ?>
<ExportAPERO>
     <OrientationConique>
          <OrIntImaM2C>
               <I00>0 0</I00>
               <V10>1 0</V10>
               <V01>0 1</V01>
          </OrIntImaM2C>
          <TypeProj>eProjStenope</TypeProj>
          <ZoneUtileInPixel>true</ZoneUtileInPixel>
          <FileInterne>Ori-Basc/AutoCal_Foc-14000_Cam-DCGX9.xml</FileInterne>
          <RelativeNameFI>true</RelativeNameFI>
          <Externe>
               <AltiSol>2.41317193490508108</AltiSol>
               <Profondeur>67.4528423384498268</Profondeur>
               <Time>-1.00000000000000002e+30</Time>
               <KnownConv>eConvApero_DistM2C</KnownConv>
               <Centre>96.5057844317530709 25.3645212805657998 70.3351511294278708</Centre>
               <IncCentre>1 1 1</IncCentre>
               <ParamRotation>
                    <CodageMatr>
                         <L1>-0.0767798313620882689 0.996122184987411452 0.0429587019347015334</L1>
                         <L2>0.996652974994873708 0.0778909666776758935 -0.0248162193713083318</L2>
                         <L3>-0.0280660814841866314 0.040909532946764679 -0.99876859441223953</L3>
                    </CodageMatr>
               </ParamRotation>
          </Externe>
          <Verif>
               <Tol>0.00100000000000000002</Tol>
               <ShowMes>true</ShowMes>
               <Appuis>
                    <Num>0</Num>
                    <Im>494.289248943331813 75.9274843633271388</Im>
                    <Ter>66.2858570988225608 7.13843667322159448 -27.1668367959679529</Ter>
               </Appuis>
               <Appuis>
                    <Num>1</Num>
                    <Im>829.115155219811754 412.83718621733459</Im>
                    <Ter>95.1708223850145032 31.7364879067492041 24.4686916526273066</Ter>
               </Appuis>
               <Appuis>
                    <Num>2</Num>
                    <Im>674.164232254027297 575.036591291425566</Im>
                    <Ter>107.410581647278406 26.250569053527947 -14.0766865890173705</Ter>
               </Appuis>
               <Appuis>
                    <Num>3</Num>
                    <Im>839.023475646603515 459.418196082081238</Im>
                    <Ter>97.6493732054389767 39.4916443482620849 -22.9585012984992858</Ter>
               </Appuis>
               <Appuis>
                    <Num>4</Num>
                    <Im>559.636795520897181 951.800191639157219</Im>
                    <Ter>115.676253894647957 22.717990596511271 31.5747534165433592</Ter>
               </Appuis>
               <Appuis>
                    <Num>5</Num>
                    <Im>342.927713871003675 239.15041798353289</Im>
                    <Ter>82.2080349270626982 -3.99593206496059494 -22.9086734470400302</Ter>
               </Appuis>
               <Appuis>
                    <Num>6</Num>
                    <Im>154.416948795463327 364.789591670049106</Im>
                    <Ter>93.8956480744357975 -23.1523898478549874 -29.8627729156519308</Ter>
               </Appuis>
               <Appuis>
                    <Num>7</Num>
                    <Im>613.534738540633953 909.815569638625448</Im>
                    <Ter>132.629622866222149 23.6896562078020771 -10.1126386782481177</Ter>
               </Appuis>
               <Appuis>
                    <Num>8</Num>
                    <Im>1180.72245025633606 171.708162188534317</Im>
                    <Ter>75.0817012985387464 60.1507726157409763 -8.87849098498166711</Ter>
               </Appuis>
               <Appuis>
                    <Num>9</Num>
                    <Im>107.571684480146232 384.657891869557261</Im>
                    <Ter>96.3446488868658122 5.87795784071810701 33.423190286905502</Ter>
               </Appuis>
          </Verif>
          <ConvOri>
               <KnownConv>eConvApero_DistM2C</KnownConv>
          </ConvOri>
     </OrientationConique>
</ExportAPERO>
