<?xml version="1.0" ?>
<ExportAPERO>
     <OrientationConique>
          <OrIntImaM2C>
               <I00>0 0</I00>
               <V10>1 0</V10>
               <V01>0 1</V01>
          </OrIntImaM2C>
          <TypeProj>eProjStenope</TypeProj>
          <ZoneUtileInPixel>true</ZoneUtileInPixel>
          <FileInterne>Ori-Basc/AutoCal_Foc-14000_Cam-DCGX9.xml</FileInterne>
          <RelativeNameFI>true</RelativeNameFI>
          <Externe>
               <AltiSol>1.99760402266520987</AltiSol>
               <Profondeur>62.4905710040185554</Profondeur>
               <Time>-1.00000000000000002e+30</Time>
               <KnownConv>eConvApero_DistM2C</KnownConv>
               <Centre>103.040696084445202 -25.5117158141367462 65.4542768153116299</Centre>
               <IncCentre>1 1 1</IncCentre>
               <ParamRotation>
                    <CodageMatr>
                         <L1>0.999475189776541373 0.0161968331201970649 0.0280536560544824218</L1>
                         <L2>0.0176613466016272425 -0.998450598335868023 -0.0527681676673000533</L2>
                         <L3>0.0271555124673407873 0.0532359397364561282 -0.998212659137827418</L3>
                    </CodageMatr>
               </ParamRotation>
          </Externe>
          <Verif>
               <Tol>0.00100000000000000002</Tol>
               <ShowMes>true</ShowMes>
               <Appuis>
                    <Num>0</Num>
                    <Im>835.020426750159004 94.7756887078621872</Im>
                    <Ter>115.810556308697628 -6.16937737896619254 0.377649371497383868</Ter>
               </Appuis>
               <Appuis>
                    <Num>1</Num>
                    <Im>389.016308784725481 399.765295743965737</Im>
                    <Ter>86.9466295855373517 -24.3825881934109958 -13.9848472257111069</Ter>
               </Appuis>
               <Appuis>
                    <Num>2</Num>
                    <Im>203.237907886549237 331.589993834504071</Im>
                    <Ter>81.8000847372810256 -21.3478806439145998 8.1484876221385889</Ter>
               </Appuis>
               <Appuis>
                    <Num>3</Num>
                    <Im>580.700251579284554 537.364877700805778</Im>
                    <Ter>100.906052595024789 -33.8363502702787855 -11.6811758911891985</Ter>
               </Appuis>
               <Appuis>
                    <Num>4</Num>
                    <Im>1103.68494415282112 24.0827703997571376</Im>
                    <Ter>139.961021301467554 5.26612157545491755 -17.6454027443737402</Ter>
               </Appuis>
               <Appuis>
                    <Num>5</Num>
                    <Im>1179.69104003904499 122.77380359173614</Im>
                    <Ter>142.562737588579921 -3.95068198225059675 -10.6602834312085264</Ter>
               </Appuis>
               <Appuis>
                    <Num>6</Num>
                    <Im>731.26729488360013 619.135345458783945</Im>
                    <Ter>109.646438261948532 -36.2370920867158759 6.42439352943706155</Ter>
               </Appuis>
               <Appuis>
                    <Num>7</Num>
                    <Im>750.018073081966691 355.886581420900654</Im>
                    <Ter>113.208007984499119 -20.5803343719122402 -16.8300184694915913</Ter>
               </Appuis>
               <Appuis>
                    <Num>8</Num>
                    <Im>834.605452537522979 733.586075305919962</Im>
                    <Ter>110.340445705287223 -35.4848844556670358 30.939837160385224</Ter>
               </Appuis>
               <Appuis>
                    <Num>9</Num>
                    <Im>466.141336442325212 658.620620725430513</Im>
                    <Ter>98.5033068200116304 -33.1769392941772097 30.8605439040896954</Ter>
               </Appuis>
          </Verif>
          <ConvOri>
               <KnownConv>eConvApero_DistM2C</KnownConv>
          </ConvOri>
     </OrientationConique>
</ExportAPERO>
