<?xml version="1.0" ?>
<ExportAPERO>
     <OrientationConique>
          <OrIntImaM2C>
               <I00>0 0</I00>
               <V10>1 0</V10>
               <V01>0 1</V01>
          </OrIntImaM2C>
          <TypeProj>eProjStenope</TypeProj>
          <ZoneUtileInPixel>true</ZoneUtileInPixel>
          <FileInterne>Ori-Basc/AutoCal_Foc-14000_Cam-DCGX9.xml</FileInterne>
          <RelativeNameFI>true</RelativeNameFI>
          <Externe>
               <AltiSol>1.29776390362548621</AltiSol>
               <Profondeur>67.1980433564097694</Profondeur>
               <Time>-1.00000000000000002e+30</Time>
               <KnownConv>eConvApero_DistM2C</KnownConv>
               <Centre>28.8407940296155445 -28.9964059800463012 69.0145926123450408</Centre>
               <IncCentre>1 1 1</IncCentre>
               <ParamRotation>
                    <CodageMatr>
                         <L1>0.999227176666572348 -0.0258302437147069873 -0.0296284984531712398</L1>
                         <L2>-0.0263937961516016485 -0.999475016662876636 -0.01878985341747684</L2>
                         <L3>-0.0291275974920422939 0.0195573407287751785 -0.99938435723597363</L3>
                    </CodageMatr>
               </ParamRotation>
          </Externe>
          <Verif>
               <Tol>0.00100000000000000002</Tol>
               <ShowMes>true</ShowMes>
               <Appuis>
                    <Num>0</Num>
                    <Im>844.52868175504716 115.269057333492839</Im>
                    <Ter>36.093282605039704 -15.343545653295255 24.2286110375172754</Ter>
               </Appuis>
               <Appuis>
                    <Num>1</Num>
                    <Im>610.826243877411002 132.079843640327994</Im>
                    <Ter>26.4969208299916446 -15.202738348805914 22.4558867369182522</Ter>
               </Appuis>
               <Appuis>
                    <Num>2</Num>
                    <Im>1022.96651172527504 91.571532280056914</Im>
                    <Ter>44.8477477028371325 -13.1114525579281693 19.6919867247159033</Ter>
               </Appuis>
               <Appuis>
                    <Num>3</Num>
                    <Im>14.4677030626119478 476.867593287905436</Im>
                    <Ter>3.47909806878764272 -29.1280055679127905 28.0971551744430741</Ter>
               </Appuis>
               <Appuis>
                    <Num>4</Num>
                    <Im>1013.33999061471263 749.447193860098082</Im>
                    <Ter>55.6499525803930766 -53.4226256792789655 -19.2261023359433665</Ter>
               </Appuis>
               <Appuis>
                    <Num>5</Num>
                    <Im>1009.74125575997891 632.850814819225661</Im>
                    <Ter>52.916276567595375 -42.4830518398249026 -10.8077914675906612</Ter>
               </Appuis>
               <Appuis>
                    <Num>6</Num>
                    <Im>563.094669342041584 90.672326534990134</Im>
                    <Ter>22.0499508975604641 -4.44014592890603765 -4.15428554131868566</Ter>
               </Appuis>
               <Appuis>
                    <Num>7</Num>
                    <Im>186.809057952221309 29.6907031696523802</Im>
                    <Ter>3.75076301666480916 -5.83956817705850995 12.1170202999542269</Ter>
               </Appuis>
               <Appuis>
                    <Num>8</Num>
                    <Im>16.7218211889335713 171.443714618685505</Im>
                    <Ter>-17.8302791242790093 -7.30466943111859024 -7.77047618457142164</Ter>
               </Appuis>
               <Appuis>
                    <Num>9</Num>
                    <Im>126.089213490819773 491.822075843746404</Im>
                    <Ter>6.99461175115307299 -29.8369415669134739 26.3336430077365975</Ter>
               </Appuis>
          </Verif>
          <ConvOri>
               <KnownConv>eConvApero_DistM2C</KnownConv>
          </ConvOri>
     </OrientationConique>
</ExportAPERO>
