<?xml version="1.0" ?>
<ExportAPERO>
     <OrientationConique>
          <OrIntImaM2C>
               <I00>0 0</I00>
               <V10>1 0</V10>
               <V01>0 1</V01>
          </OrIntImaM2C>
          <TypeProj>eProjStenope</TypeProj>
          <ZoneUtileInPixel>true</ZoneUtileInPixel>
          <FileInterne>Ori-Basc/AutoCal_Foc-14000_Cam-DCGX9.xml</FileInterne>
          <RelativeNameFI>true</RelativeNameFI>
          <Externe>
               <AltiSol>4.93551909538808697</AltiSol>
               <Profondeur>54.6914276616742967</Profondeur>
               <Time>-1.00000000000000002e+30</Time>
               <KnownConv>eConvApero_DistM2C</KnownConv>
               <Centre>8.71952348178534464 65.8419013315391766 26.6295704039668557</Centre>
               <IncCentre>1 1 1</IncCentre>
               <ParamRotation>
                    <CodageMatr>
                         <L1>-0.0181568859703277047 -0.467144888259794555 0.883994333050051151</L1>
                         <L2>-0.996746817733064283 0.0778952622737034972 0.0206908060336114738</L2>
                         <L3>-0.0785245746939778472 -0.880742857755914543 -0.467039516187950532</L3>
                    </CodageMatr>
               </ParamRotation>
          </Externe>
          <Verif>
               <Tol>0.00100000000000000002</Tol>
               <ShowMes>true</ShowMes>
               <Appuis>
                    <Num>0</Num>
                    <Im>1036.23116397845251 374.853372931494334</Im>
                    <Ter>55.4870375752341829 48.2508549901294685 5.709413236715708</Ter>
               </Appuis>
               <Appuis>
                    <Num>1</Num>
                    <Im>554.484302043922298 606.702051401111362</Im>
                    <Ter>39.7273971144013274 69.9479359459002552 5.58140844494782939</Ter>
               </Appuis>
               <Appuis>
                    <Num>2</Num>
                    <Im>141.863901616692857 74.9805902849792716</Im>
                    <Ter>59.0360539185349893 87.1835071291289836 21.728742405292035</Ter>
               </Appuis>
               <Appuis>
                    <Num>3</Num>
                    <Im>410.697475433414752 428.035694003102435</Im>
                    <Ter>34.0621403046759141 72.1948916692625744 15.1907760247831778</Ter>
               </Appuis>
               <Appuis>
                    <Num>4</Num>
                    <Im>536.092184543625194 844.248214959997995</Im>
                    <Ter>57.0929500165216268 75.4172115559622824 -23.5153420252398142</Ter>
               </Appuis>
               <Appuis>
                    <Num>5</Num>
                    <Im>248.582144737251355 423.163213491439592</Im>
                    <Ter>52.7413321561456669 83.9634257670981157 7.61660824015693905</Ter>
               </Appuis>
               <Appuis>
                    <Num>6</Num>
                    <Im>176.393201351249502 354.208705186854047</Im>
                    <Ter>37.220106291847415 79.0621841939596663 16.5613310381309304</Ter>
               </Appuis>
               <Appuis>
                    <Num>7</Num>
                    <Im>979.927150726297896 959.66340064999531</Im>
                    <Ter>63.4580546370953016 44.867445305521457 -45.783806130420686</Ter>
               </Appuis>
               <Appuis>
                    <Num>8</Num>
                    <Im>280.342793226472793 43.7290192994173097</Im>
                    <Ter>69.0826295383747038 83.8753275684813104 21.6120924584164342</Ter>
               </Appuis>
               <Appuis>
                    <Num>9</Num>
                    <Im>316.798609972052191 95.3666329980485159</Im>
                    <Ter>45.0092511137795341 75.8781386580995587 21.9917405103538641</Ter>
               </Appuis>
          </Verif>
          <ConvOri>
               <KnownConv>eConvApero_DistM2C</KnownConv>
          </ConvOri>
     </OrientationConique>
</ExportAPERO>
