<?xml version="1.0" ?>
<ExportAPERO>
     <OrientationConique>
          <OrIntImaM2C>
               <I00>0 0</I00>
               <V10>1 0</V10>
               <V01>0 1</V01>
          </OrIntImaM2C>
          <TypeProj>eProjStenope</TypeProj>
          <ZoneUtileInPixel>true</ZoneUtileInPixel>
          <FileInterne>Ori-Basc/AutoCal_Foc-14000_Cam-DCGX9.xml</FileInterne>
          <RelativeNameFI>true</RelativeNameFI>
          <Externe>
               <AltiSol>3.28526990588014289</AltiSol>
               <Profondeur>75.9180928105638628</Profondeur>
               <Time>-1.00000000000000002e+30</Time>
               <KnownConv>eConvApero_DistM2C</KnownConv>
               <Centre>141.373053002072425 -22.8696944652006522 61.0296862980724768</Centre>
               <IncCentre>1 1 1</IncCentre>
               <ParamRotation>
                    <CodageMatr>
                         <L1>-0.015814218468901204 0.771970664695736608 -0.635461409798770305</L1>
                         <L2>0.998652038460805636 0.0436178682143518875 0.0281351675046218573</L2>
                         <L3>0.0494369959877778362 -0.63415989657314209 -0.771619860427429805</L3>
                    </CodageMatr>
               </ParamRotation>
          </Externe>
          <Verif>
               <Tol>0.00100000000000000002</Tol>
               <ShowMes>true</ShowMes>
               <Appuis>
                    <Num>0</Num>
                    <Im>1196.60757350919789 651.059604406349422</Im>
                    <Ter>87.720240750216135 33.7157085820563935 -26.5995205744573724</Ter>
               </Appuis>
               <Appuis>
                    <Num>1</Num>
                    <Im>941.45969009391581 158.907092213690618</Im>
                    <Ter>61.1117189616092134 3.94318983415653079 7.93908888092247622</Ter>
               </Appuis>
               <Appuis>
                    <Num>2</Num>
                    <Im>1075.36102294879265 501.507594823765032</Im>
                    <Ter>72.8625797872913523 23.8746035143668678 -22.9376161956375313</Ter>
               </Appuis>
               <Appuis>
                    <Num>3</Num>
                    <Im>117.089807868916694 619.994126557874779</Im>
                    <Ter>118.996548168407998 -41.9666711071096259 23.6760470882951424</Ter>
               </Appuis>
               <Appuis>
                    <Num>4</Num>
                    <Im>597.812839508227285 711.959773775039821</Im>
                    <Ter>112.993853976831531 -23.0826866924262504 6.13041701292821273</Ter>
               </Appuis>
               <Appuis>
                    <Num>5</Num>
                    <Im>75.3295322656827153 826.287564039213521</Im>
                    <Ter>121.905102541746885 -47.7688729087638109 9.2702175712404582</Ter>
               </Appuis>
               <Appuis>
                    <Num>6</Num>
                    <Im>1292.46638488676513 3.54675226246343644</Im>
                    <Ter>65.2144540911570232 24.6735233531952218 25.3984173343429802</Ter>
               </Appuis>
               <Appuis>
                    <Num>7</Num>
                    <Im>507.352400779726054 308.760222673418582</Im>
                    <Ter>95.3026682814654578 -29.099094462931852 19.3980793574373394</Ter>
               </Appuis>
               <Appuis>
                    <Num>8</Num>
                    <Im>100.38442111086448 268.884750366393803</Im>
                    <Ter>59.8843417018066759 -73.1505369666299146 -9.82006902889884259</Ter>
               </Appuis>
               <Appuis>
                    <Num>9</Num>
                    <Im>403.872146129752991 370.551790952719102</Im>
                    <Ter>101.894000284857682 -33.6690945949701685 20.8428360429106618</Ter>
               </Appuis>
          </Verif>
          <ConvOri>
               <KnownConv>eConvApero_DistM2C</KnownConv>
          </ConvOri>
     </OrientationConique>
</ExportAPERO>
