<?xml version="1.0" ?>
<ExportAPERO>
     <OrientationConique>
          <OrIntImaM2C>
               <I00>0 0</I00>
               <V10>1 0</V10>
               <V01>0 1</V01>
          </OrIntImaM2C>
          <TypeProj>eProjStenope</TypeProj>
          <ZoneUtileInPixel>true</ZoneUtileInPixel>
          <FileInterne>Ori-Basc/AutoCal_Foc-14000_Cam-DCGX9.xml</FileInterne>
          <RelativeNameFI>true</RelativeNameFI>
          <Externe>
               <AltiSol>3.9092755871930045</AltiSol>
               <Profondeur>71.4393417998168161</Profondeur>
               <Time>-1.00000000000000002e+30</Time>
               <KnownConv>eConvApero_DistM2C</KnownConv>
               <Centre>6.63189324790096357 31.3963236555886027 45.9254690385230759</Centre>
               <IncCentre>1 1 1</IncCentre>
               <ParamRotation>
                    <CodageMatr>
                         <L1>0.114666261292573027 -0.601952642577104569 0.790256075342432251</L1>
                         <L2>-0.993396682011351451 -0.066413201080489051 0.0935538288424392767</L2>
                         <L3>-0.00383153885811741198 -0.795765230967452553 -0.60559311133243221</L3>
                    </CodageMatr>
               </ParamRotation>
          </Externe>
          <Verif>
               <Tol>0.00100000000000000002</Tol>
               <ShowMes>true</ShowMes>
               <Appuis>
                    <Num>0</Num>
                    <Im>214.15629887590643 614.735012054391063</Im>
                    <Ter>41.9653545402364685 56.5026591306689525 8.75914978882430262</Ter>
               </Appuis>
               <Appuis>
                    <Num>1</Num>
                    <Im>1221.70354843137466 597.047585964195946</Im>
                    <Ter>81.2416946141416929 -11.0872267427384443 -20.2159835234642742</Ter>
               </Appuis>
               <Appuis>
                    <Num>2</Num>
                    <Im>609.332622528073784 867.79676556569575</Im>
                    <Ter>55.0257002403354605 39.876819397633561 -29.5037431168748014</Ter>
               </Appuis>
               <Appuis>
                    <Num>3</Num>
                    <Im>619.779745101920184 876.574026345976222</Im>
                    <Ter>40.7000310301020605 36.8020285026272234 -7.92881830392029485</Ter>
               </Appuis>
               <Appuis>
                    <Num>4</Num>
                    <Im>344.141621589775752 792.407974719829895</Im>
                    <Ter>65.378191173104014 66.2031217978893096 -37.895904858631809</Ter>
               </Appuis>
               <Appuis>
                    <Num>5</Num>
                    <Im>159.176531911085306 276.205449342782288</Im>
                    <Ter>60.111549730497714 65.7812738963110206 17.2157078078230157</Ter>
               </Appuis>
               <Appuis>
                    <Num>6</Num>
                    <Im>1205.03289413408788 918.774922370544914</Im>
                    <Ter>64.5821466626101994 -12.4753381185040766 -44.1297486124624356</Ter>
               </Appuis>
               <Appuis>
                    <Num>7</Num>
                    <Im>30.0498116638311998 498.494068622078771</Im>
                    <Ter>45.1278517593307811 66.6553527520206472 12.5341873071241068</Ter>
               </Appuis>
               <Appuis>
                    <Num>8</Num>
                    <Im>312.333311319352617 306.508435249329125</Im>
                    <Ter>73.218279781599179 63.0374826391172576 8.3324699161338458</Ter>
               </Appuis>
               <Appuis>
                    <Num>9</Num>
                    <Im>609.280016899089219 929.367772578235531</Im>
                    <Ter>30.7961760824285165 35.7345621181195625 3.75127472887687219</Ter>
               </Appuis>
          </Verif>
          <ConvOri>
               <KnownConv>eConvApero_DistM2C</KnownConv>
          </ConvOri>
     </OrientationConique>
</ExportAPERO>
