<?xml version="1.0" ?>
<ExportAPERO>
     <OrientationConique>
          <OrIntImaM2C>
               <I00>0 0</I00>
               <V10>1 0</V10>
               <V01>0 1</V01>
          </OrIntImaM2C>
          <TypeProj>eProjStenope</TypeProj>
          <ZoneUtileInPixel>true</ZoneUtileInPixel>
          <FileInterne>Ori-Basc/AutoCal_Foc-14000_Cam-DCGX9.xml</FileInterne>
          <RelativeNameFI>true</RelativeNameFI>
          <Externe>
               <AltiSol>1.5733623559430534</AltiSol>
               <Profondeur>66.0226306885292615</Profondeur>
               <Time>-1.00000000000000002e+30</Time>
               <KnownConv>eConvApero_DistM2C</KnownConv>
               <Centre>56.5522416412556765 -28.689843893331517 67.9899552311919422</Centre>
               <IncCentre>1 1 1</IncCentre>
               <ParamRotation>
                    <CodageMatr>
                         <L1>0.999909955536710138 -0.0133928482337850301 -0.000844058505874659614</L1>
                         <L2>-0.0134065165170114652 -0.999728126049169608 -0.0190771932184732665</L2>
                         <L3>-0.000588331074852330052 0.019086791307149166 -0.999817657507679591</L3>
                    </CodageMatr>
               </ParamRotation>
          </Externe>
          <Verif>
               <Tol>0.00100000000000000002</Tol>
               <ShowMes>true</ShowMes>
               <Appuis>
                    <Num>0</Num>
                    <Im>1135.62613963880631 521.161822557050414</Im>
                    <Ter>85.6514618455613288 -32.886527801198703 3.81525981123640179</Ter>
               </Appuis>
               <Appuis>
                    <Num>1</Num>
                    <Im>62.5164068341296328 679.491556406018844</Im>
                    <Ter>16.728643322704599 -43.3744495555976357 -5.5951403738440888</Ter>
               </Appuis>
               <Appuis>
                    <Num>2</Num>
                    <Im>650.931624412511496 876.079487085102073</Im>
                    <Ter>56.7043014488419388 -59.1936809550070393 -10.6995674360578619</Ter>
               </Appuis>
               <Appuis>
                    <Num>3</Num>
                    <Im>871.959002494811557 546.452152490615731</Im>
                    <Ter>66.6324244298312038 -32.7879994618990338 19.4727880121988832</Ter>
               </Appuis>
               <Appuis>
                    <Num>4</Num>
                    <Im>666.17744636535565 581.41705155372324</Im>
                    <Ter>58.204224834886098 -38.4857052116222604 -18.234701131669766</Ter>
               </Appuis>
               <Appuis>
                    <Num>5</Num>
                    <Im>504.214486598968676 503.665584325790235</Im>
                    <Ter>45.064412063305511 -32.3594657685097502 -22.2050442101777179</Ter>
               </Appuis>
               <Appuis>
                    <Num>6</Num>
                    <Im>844.911598205526388 763.657955646458163</Im>
                    <Ter>66.3868949359093108 -44.0927338337617414 13.9421370741046928</Ter>
               </Appuis>
               <Appuis>
                    <Num>7</Num>
                    <Im>1244.73369026181877 319.397857189181025</Im>
                    <Ter>93.2305774718035423 -20.842180721513337 2.21656088257090289</Ter>
               </Appuis>
               <Appuis>
                    <Num>8</Num>
                    <Im>314.065917491913581 494.239443540573063</Im>
                    <Ter>43.0509417590758261 -30.0341258912747833 23.1915378456547003</Ter>
               </Appuis>
               <Appuis>
                    <Num>9</Num>
                    <Im>113.590046525392594 447.10679876800441</Im>
                    <Ter>13.093779837129091 -27.3166266015750985 -21.2932257887672876</Ter>
               </Appuis>
          </Verif>
          <ConvOri>
               <KnownConv>eConvApero_DistM2C</KnownConv>
          </ConvOri>
     </OrientationConique>
</ExportAPERO>
