<?xml version="1.0" ?>
<ExportAPERO>
     <OrientationConique>
          <OrIntImaM2C>
               <I00>0 0</I00>
               <V10>1 0</V10>
               <V01>0 1</V01>
          </OrIntImaM2C>
          <TypeProj>eProjStenope</TypeProj>
          <ZoneUtileInPixel>true</ZoneUtileInPixel>
          <FileInterne>Ori-Basc/AutoCal_Foc-14000_Cam-DCGX9.xml</FileInterne>
          <RelativeNameFI>true</RelativeNameFI>
          <Externe>
               <AltiSol>0.989259982495755308</AltiSol>
               <Profondeur>68.3149978713843353</Profondeur>
               <Time>-1.00000000000000002e+30</Time>
               <KnownConv>eConvApero_DistM2C</KnownConv>
               <Centre>-4.21261839608011801 39.4123585913365559 69.3845611282935266</Centre>
               <IncCentre>1 1 1</IncCentre>
               <ParamRotation>
                    <CodageMatr>
                         <L1>0.089459811868606201 0.995988220615702247 0.00209915583054059952</L1>
                         <L2>0.99592312871927724 -0.0894290665996536061 -0.0118137093717795988</L2>
                         <L3>-0.0115785898294973408 0.00314745006029109936 -0.9999280123167259</L3>
                    </CodageMatr>
               </ParamRotation>
          </Externe>
          <Verif>
               <Tol>0.00100000000000000002</Tol>
               <ShowMes>true</ShowMes>
               <Appuis>
                    <Num>0</Num>
                    <Im>988.515618324181105 618.790917634914081</Im>
                    <Ter>5.48558922563431128 57.2249296210411984 8.3106281311358714</Ter>
               </Appuis>
               <Appuis>
                    <Num>1</Num>
                    <Im>1057.5875043864155 592.713357209975698</Im>
                    <Ter>6.05002495800729267 65.4186604080451843 -3.40323753370402926</Ter>
               </Appuis>
               <Appuis>
                    <Num>2</Num>
                    <Im>515.372596263885839 711.55978560447636</Im>
                    <Ter>6.3232815034677694 31.8408281132075359 17.8902475877718601</Ter>
               </Appuis>
               <Appuis>
                    <Num>3</Num>
                    <Im>702.030538558959506 750.253601074214885</Im>
                    <Ter>5.60633348533129006 40.179207680382703 30.8759843569904788</Ter>
               </Appuis>
               <Appuis>
                    <Num>4</Num>
                    <Im>368.190620900594013 525.891868113862074</Im>
                    <Ter>-2.31170397208324019 17.7356830980459179 -12.1054174542354076</Ter>
               </Appuis>
               <Appuis>
                    <Num>5</Num>
                    <Im>842.077305792917286 900.598982332450532</Im>
                    <Ter>28.392239045719414 50.3518705576725196 -10.8340659917277975</Ter>
               </Appuis>
               <Appuis>
                    <Num>6</Num>
                    <Im>230.231316089856335 106.931043416446499</Im>
                    <Ter>-20.1581521446011429 23.9981335600068597 26.5727353467395773</Ter>
               </Appuis>
               <Appuis>
                    <Num>7</Num>
                    <Im>897.945796966512717 137.634893775024466</Im>
                    <Ter>-33.1720819807823091 64.508938134386284 -31.6956770284923266</Ter>
               </Appuis>
               <Appuis>
                    <Num>8</Num>
                    <Im>788.858871459941611 404.00966620445638</Im>
                    <Ter>-6.488591703767292 44.8312057071454646 26.5198919901444938</Ter>
               </Appuis>
               <Appuis>
                    <Num>9</Num>
                    <Im>261.292178392493383 135.238078773089484</Im>
                    <Ter>-26.8033517517306699 17.4821182759672951 3.58675968463913364</Ter>
               </Appuis>
          </Verif>
          <ConvOri>
               <KnownConv>eConvApero_DistM2C</KnownConv>
          </ConvOri>
     </OrientationConique>
</ExportAPERO>
