<?xml version="1.0" ?>
<ExportAPERO>
     <OrientationConique>
          <OrIntImaM2C>
               <I00>0 0</I00>
               <V10>1 0</V10>
               <V01>0 1</V01>
          </OrIntImaM2C>
          <TypeProj>eProjStenope</TypeProj>
          <ZoneUtileInPixel>true</ZoneUtileInPixel>
          <FileInterne>Ori-Basc/AutoCal_Foc-14000_Cam-DCGX9.xml</FileInterne>
          <RelativeNameFI>true</RelativeNameFI>
          <Externe>
               <AltiSol>4.37435794745539219</AltiSol>
               <Profondeur>69.1741097345842917</Profondeur>
               <Time>-1.00000000000000002e+30</Time>
               <KnownConv>eConvApero_DistM2C</KnownConv>
               <Centre>9.40778024130606205 -30.2446306724485154 45.6363661176015896</Centre>
               <IncCentre>1 1 1</IncCentre>
               <ParamRotation>
                    <CodageMatr>
                         <L1>0.00581523741798391572 -0.601216074130228151 0.799065338518201829</L1>
                         <L2>-0.997801144335861534 -0.0562472577533117343 -0.0350588413567508445</L2>
                         <L3>0.0660231730214308199 -0.797104433686495417 -0.600221177918201843</L3>
                    </CodageMatr>
               </ParamRotation>
          </Externe>
          <Verif>
               <Tol>0.00100000000000000002</Tol>
               <ShowMes>true</ShowMes>
               <Appuis>
                    <Num>0</Num>
                    <Im>672.827462196339866 15.122916162065847</Im>
                    <Ter>75.6622509593926083 -32.6875516396397998 29.2793868742813643</Ter>
               </Appuis>
               <Appuis>
                    <Num>1</Num>
                    <Im>576.337808132171631 340.964282155036983</Im>
                    <Ter>82.0444414286517514 -27.556990504660213 3.66971221808961445</Ter>
               </Appuis>
               <Appuis>
                    <Num>2</Num>
                    <Im>619.086409091947417 247.941916465788523</Im>
                    <Ter>104.144909468425425 -30.4190806260460356 1.12172369231105051</Ter>
               </Appuis>
               <Appuis>
                    <Num>3</Num>
                    <Im>751.019047736970037 880.871871470934934</Im>
                    <Ter>60.2381653801278816 -43.9370639608568325 -32.7100775520005769</Ter>
               </Appuis>
               <Appuis>
                    <Num>4</Num>
                    <Im>53.8993431331719677 947.049520969182367</Im>
                    <Ter>46.1881409601005046 3.38486774530893086 -22.4478339342615882</Ter>
               </Appuis>
               <Appuis>
                    <Num>5</Num>
                    <Im>1174.87171554564975 279.612243175507786</Im>
                    <Ter>73.7352614434538793 -66.6217327315287093 15.8578721329035339</Ter>
               </Appuis>
               <Appuis>
                    <Num>6</Num>
                    <Im>1236.13409900663601 377.189311981201683</Im>
                    <Ter>89.7172394378438014 -84.3889133723536418 -0.231276034416168841</Ter>
               </Appuis>
               <Appuis>
                    <Num>7</Num>
                    <Im>504.144538879394986 138.618540823460506</Im>
                    <Ter>77.3703542500511645 -22.7434628836596602 20.6845222938338935</Ter>
               </Appuis>
               <Appuis>
                    <Num>8</Num>
                    <Im>1230.64009380309108 858.749929904711507</Im>
                    <Ter>46.3426106761633676 -68.0963530317440728 -7.60242700941844873</Ter>
               </Appuis>
               <Appuis>
                    <Num>9</Num>
                    <Im>892.815782546996616 375.53834688663494</Im>
                    <Ter>72.1357591517421923 -49.1058767921060593 8.24686903707060281</Ter>
               </Appuis>
          </Verif>
          <ConvOri>
               <KnownConv>eConvApero_DistM2C</KnownConv>
          </ConvOri>
     </OrientationConique>
</ExportAPERO>
