<?xml version="1.0" ?>
<ExportAPERO>
     <OrientationConique>
          <OrIntImaM2C>
               <I00>0 0</I00>
               <V10>1 0</V10>
               <V01>0 1</V01>
          </OrIntImaM2C>
          <TypeProj>eProjStenope</TypeProj>
          <ZoneUtileInPixel>true</ZoneUtileInPixel>
          <FileInterne>Ori-Basc/AutoCal_Foc-14000_Cam-DCGX9.xml</FileInterne>
          <RelativeNameFI>true</RelativeNameFI>
          <Externe>
               <AltiSol>3.19081797707647707</AltiSol>
               <Profondeur>70.7316297650745014</Profondeur>
               <Time>-1.00000000000000002e+30</Time>
               <KnownConv>eConvApero_DistM2C</KnownConv>
               <Centre>140.29202370184737 -37.2993397699095581 59.4451874731858112</Centre>
               <IncCentre>1 1 1</IncCentre>
               <ParamRotation>
                    <CodageMatr>
                         <L1>-0.065278545198006882 0.76061999433229599 -0.645907064335705883</L1>
                         <L2>0.997793837433733954 0.0419121715450393797 -0.0514861909218637046</L2>
                         <L3>-0.0120900585645885902 -0.64784303199024762 -0.761677908558196171</L3>
                    </CodageMatr>
               </ParamRotation>
          </Externe>
          <Verif>
               <Tol>0.00100000000000000002</Tol>
               <ShowMes>true</ShowMes>
               <Appuis>
                    <Num>0</Num>
                    <Im>293.607773780825994 297.068940281869345</Im>
                    <Ter>86.4054050368611115 -64.3512345027060348 12.7398068411533032</Ter>
               </Appuis>
               <Appuis>
                    <Num>1</Num>
                    <Im>287.162213088964108 899.713608738639437</Im>
                    <Ter>115.277248033898786 -64.9310275731924946 -17.6117331389852438</Ter>
               </Appuis>
               <Appuis>
                    <Num>2</Num>
                    <Im>314.945825815228943 130.74038439991935</Im>
                    <Ter>105.134405052614653 -52.059933784555092 37.0943563748068641</Ter>
               </Appuis>
               <Appuis>
                    <Num>3</Num>
                    <Im>252.598383665091433 412.911343932151851</Im>
                    <Ter>96.132930773386974 -64.415862350315507 11.9036376841298264</Ter>
               </Appuis>
               <Appuis>
                    <Num>4</Num>
                    <Im>326.700383663177945 302.814454078674601</Im>
                    <Ter>84.7770130282419814 -62.9720346963747346 10.9091270746497599</Ter>
               </Appuis>
               <Appuis>
                    <Num>5</Num>
                    <Im>509.079773426106556 609.177412748243341</Im>
                    <Ter>118.920382827542895 -43.8639555997295219 26.7239582933854152</Ter>
               </Appuis>
               <Appuis>
                    <Num>6</Num>
                    <Im>665.836784362425647 688.514117000743681</Im>
                    <Ter>111.381228605297906 -38.5948865664687801 8.31790605694630614</Ter>
               </Appuis>
               <Appuis>
                    <Num>7</Num>
                    <Im>303.634147882468596 223.793021500115231</Im>
                    <Ter>55.7495656625715981 -76.3651035546689059 -4.53949305712196605</Ter>
               </Appuis>
               <Appuis>
                    <Num>8</Num>
                    <Im>574.471698760986442 384.834277153015137</Im>
                    <Ter>94.8973563583786586 -44.824502576476867 14.0748916855478612</Ter>
               </Appuis>
               <Appuis>
                    <Num>9</Num>
                    <Im>1220.71392917582239 908.899779796190614</Im>
                    <Ter>123.132523850830083 -14.1675937223688706 12.248525370758955</Ter>
               </Appuis>
          </Verif>
          <ConvOri>
               <KnownConv>eConvApero_DistM2C</KnownConv>
          </ConvOri>
     </OrientationConique>
</ExportAPERO>
