<?xml version="1.0" ?>
<ExportAPERO>
     <OrientationConique>
          <OrIntImaM2C>
               <I00>0 0</I00>
               <V10>1 0</V10>
               <V01>0 1</V01>
          </OrIntImaM2C>
          <TypeProj>eProjStenope</TypeProj>
          <ZoneUtileInPixel>true</ZoneUtileInPixel>
          <FileInterne>Ori-Basc/AutoCal_Foc-14000_Cam-DCGX9.xml</FileInterne>
          <RelativeNameFI>true</RelativeNameFI>
          <Externe>
               <AltiSol>2.93664908428226212</AltiSol>
               <Profondeur>70.4474850769071281</Profondeur>
               <Time>-1.00000000000000002e+30</Time>
               <KnownConv>eConvApero_DistM2C</KnownConv>
               <Centre>38.2959714990678108 34.3282017690682721 61.4350726391860675</Centre>
               <IncCentre>1 1 1</IncCentre>
               <ParamRotation>
                    <CodageMatr>
                         <L1>0.109111184969018546 -0.706466512132290392 0.699285218312451495</L1>
                         <L2>-0.993774183169038872 -0.0615814070191997298 0.0928472033840833655</L2>
                         <L3>-0.0225304722845817464 -0.70506226501293634 -0.708787401322471089</L3>
                    </CodageMatr>
               </ParamRotation>
          </Externe>
          <Verif>
               <Tol>0.00100000000000000002</Tol>
               <ShowMes>true</ShowMes>
               <Appuis>
                    <Num>0</Num>
                    <Im>695.649112701399304 267.388183951409417</Im>
                    <Ter>76.6747167079638814 36.925733096926372 35.1849491688810616</Ter>
               </Appuis>
               <Appuis>
                    <Num>1</Num>
                    <Im>1219.77846050260155 609.422075271599056</Im>
                    <Ter>83.1641682625036935 4.48932946426274171 7.4777020091155606</Ter>
               </Appuis>
               <Appuis>
                    <Num>2</Num>
                    <Im>870.817282674516036 369.855867148000016</Im>
                    <Ter>110.966120776658073 24.4296602632718596 2.33163689534075047</Ter>
               </Appuis>
               <Appuis>
                    <Num>3</Num>
                    <Im>764.797628402706209 107.996423274286329</Im>
                    <Ter>78.2793342261368537 34.4393970806835057 41.5516784937599226</Ter>
               </Appuis>
               <Appuis>
                    <Num>4</Num>
                    <Im>321.352820634842203 425.890334486961592</Im>
                    <Ter>110.377344212612968 74.1683032070164074 -7.34255515931545943</Ter>
               </Appuis>
               <Appuis>
                    <Num>5</Num>
                    <Im>218.787081241684945 214.617829263249945</Im>
                    <Ter>109.991943344944389 77.1499969000277304 15.5208837959207884</Ter>
               </Appuis>
               <Appuis>
                    <Num>6</Num>
                    <Im>307.202659606942291 204.860151350504736</Im>
                    <Ter>78.1977564852878686 53.9118259577800671 36.5300215883109374</Ter>
               </Appuis>
               <Appuis>
                    <Num>7</Num>
                    <Im>461.806895256132862 278.624410271737361</Im>
                    <Ter>76.2693802803494663 46.8945272253100285 34.3744615589888554</Ter>
               </Appuis>
               <Appuis>
                    <Num>8</Num>
                    <Im>9.17573297029689883 810.073559045747629</Im>
                    <Ter>59.7642552172553536 68.2490498382883857 14.32963083383396</Ter>
               </Appuis>
               <Appuis>
                    <Num>9</Num>
                    <Im>520.6802415847784 544.240456581115041</Im>
                    <Ter>96.5045605985607722 52.3536640515815108 -6.17514543908263391</Ter>
               </Appuis>
          </Verif>
          <ConvOri>
               <KnownConv>eConvApero_DistM2C</KnownConv>
          </ConvOri>
     </OrientationConique>
</ExportAPERO>
