<?xml version="1.0" ?>
<ExportAPERO>
     <OrientationConique>
          <OrIntImaM2C>
               <I00>0 0</I00>
               <V10>1 0</V10>
               <V01>0 1</V01>
          </OrIntImaM2C>
          <TypeProj>eProjStenope</TypeProj>
          <ZoneUtileInPixel>true</ZoneUtileInPixel>
          <FileInterne>Ori-Basc/AutoCal_Foc-14000_Cam-DCGX9.xml</FileInterne>
          <RelativeNameFI>true</RelativeNameFI>
          <Externe>
               <AltiSol>3.55315979614609212</AltiSol>
               <Profondeur>47.8481272612891857</Profondeur>
               <Time>-1.00000000000000002e+30</Time>
               <KnownConv>eConvApero_DistM2C</KnownConv>
               <Centre>46.5296514562183035 89.2711216345053629 41.1203781707249689</Centre>
               <IncCentre>1 1 1</IncCentre>
               <ParamRotation>
                    <CodageMatr>
                         <L1>0.132214534582195231 -0.645567786472145855 0.752171223801248345</L1>
                         <L2>-0.991081444806890199 -0.0733585104360317403 0.111247915513476903</L2>
                         <L3>-0.0166399099967689292 -0.760171534599961563 -0.649509315852543345</L3>
                    </CodageMatr>
               </ParamRotation>
          </Externe>
          <Verif>
               <Tol>0.00100000000000000002</Tol>
               <ShowMes>true</ShowMes>
               <Appuis>
                    <Num>0</Num>
                    <Im>70.3860708498902738 168.178617061206097</Im>
                    <Ter>96.2325092699160365 126.867786442211724 16.8131436386697608</Ter>
               </Appuis>
               <Appuis>
                    <Num>1</Num>
                    <Im>1255.03659152976252 683.157438754999589</Im>
                    <Ter>77.9758086692277743 68.3968094659838926 5.17677183287863585</Ter>
               </Appuis>
               <Appuis>
                    <Num>2</Num>
                    <Im>857.118498800444513 341.123431564045063</Im>
                    <Ter>84.4255045979718091 86.0325006645092714 16.5008495422448078</Ter>
               </Appuis>
               <Appuis>
                    <Num>3</Num>
                    <Im>487.00761795135594 188.717407288040391</Im>
                    <Ter>99.2696002162442568 105.112328497255248 15.0642887438552222</Ter>
               </Appuis>
               <Appuis>
                    <Num>4</Num>
                    <Im>4.68945796800929759 859.297132730377029</Im>
                    <Ter>69.1990905580155413 123.62537482055383 -5.35612750809260518</Ter>
               </Appuis>
               <Appuis>
                    <Num>5</Num>
                    <Im>420.209785938300513 407.411970019342846</Im>
                    <Ter>66.880932011465859 97.6810469097317196 25.2708600688951748</Ter>
               </Appuis>
               <Appuis>
                    <Num>6</Num>
                    <Im>1110.80663394835506 374.324680566861787</Im>
                    <Ter>99.5300253032194178 70.4612832279003811 5.54028446401797225</Ter>
               </Appuis>
               <Appuis>
                    <Num>7</Num>
                    <Im>1116.78521347045489 129.747163474561972</Im>
                    <Ter>99.0716933512822777 73.8010724268661562 19.809866225361155</Ter>
               </Appuis>
               <Appuis>
                    <Num>8</Num>
                    <Im>1245.77784633573287 888.948979138856771</Im>
                    <Ter>83.0614549844822392 59.19583246112213 -19.0007009642187086</Ter>
               </Appuis>
               <Appuis>
                    <Num>9</Num>
                    <Im>495.582489968827758 685.910485979493387</Im>
                    <Ter>61.4900857418890183 94.9057348208725955 21.7666773841316434</Ter>
               </Appuis>
          </Verif>
          <ConvOri>
               <KnownConv>eConvApero_DistM2C</KnownConv>
          </ConvOri>
     </OrientationConique>
</ExportAPERO>
