<?xml version="1.0" ?>
<ExportAPERO>
     <OrientationConique>
          <OrIntImaM2C>
               <I00>0 0</I00>
               <V10>1 0</V10>
               <V01>0 1</V01>
          </OrIntImaM2C>
          <TypeProj>eProjStenope</TypeProj>
          <ZoneUtileInPixel>true</ZoneUtileInPixel>
          <FileInterne>Ori-Basc/AutoCal_Foc-14000_Cam-DCGX9.xml</FileInterne>
          <RelativeNameFI>true</RelativeNameFI>
          <Externe>
               <AltiSol>3.90188793191388017</AltiSol>
               <Profondeur>78.4305748485964216</Profondeur>
               <Time>-1.00000000000000002e+30</Time>
               <KnownConv>eConvApero_DistM2C</KnownConv>
               <Centre>140.267355566652839 86.8023521611473825 56.3174372375955059</Centre>
               <IncCentre>1 1 1</IncCentre>
               <ParamRotation>
                    <CodageMatr>
                         <L1>-0.0457635694194668471 0.699474605749505485 -0.713190697938190676</L1>
                         <L2>0.996893839117409808 0.07778700641268807 0.0123229526942351137</L2>
                         <L3>0.0640965618714574303 -0.71041147058935239 -0.700861736158660653</L3>
                    </CodageMatr>
               </ParamRotation>
          </Externe>
          <Verif>
               <Tol>0.00100000000000000002</Tol>
               <ShowMes>true</ShowMes>
               <Appuis>
                    <Num>0</Num>
                    <Im>746.387280464171567 131.281054973604682</Im>
                    <Ter>84.3783660363611716 91.6915495079023088 28.3660893017995406</Ter>
               </Appuis>
               <Appuis>
                    <Num>1</Num>
                    <Im>1218.66462707505048 813.517605543040872</Im>
                    <Ter>91.8668934988048846 140.14083262222448 -26.6322320902964478</Ter>
               </Appuis>
               <Appuis>
                    <Num>2</Num>
                    <Im>1288.17566585521899 698.306643247522857</Im>
                    <Ter>104.862878648060274 124.074703470687155 8.32554448877095155</Ter>
               </Appuis>
               <Appuis>
                    <Num>3</Num>
                    <Im>205.895998477968249 406.5726842880253</Im>
                    <Ter>71.2251536125036324 50.2812851556716041 -7.10580326391504968</Ter>
               </Appuis>
               <Appuis>
                    <Num>4</Num>
                    <Im>916.23865127550107 745.850197076659128</Im>
                    <Ter>116.079873773182044 99.1400512019951208 18.6891685041644138</Ter>
               </Appuis>
               <Appuis>
                    <Num>5</Num>
                    <Im>1123.24612712858743 38.4540702402681731</Im>
                    <Ter>29.0070523571439622 133.241402779195511 14.3843834153530494</Ter>
               </Appuis>
               <Appuis>
                    <Num>6</Num>
                    <Im>876.520783424372325 966.223751306523695</Im>
                    <Ter>101.543609086624613 111.868378427674614 -39.6315663988474896</Ter>
               </Appuis>
               <Appuis>
                    <Num>7</Num>
                    <Im>597.470130443573225 392.249295473098812</Im>
                    <Ter>105.896659728044824 85.2360822651134526 27.2360086598013744</Ter>
               </Appuis>
               <Appuis>
                    <Num>8</Num>
                    <Im>467.008904457114852 13.9382530041745287</Im>
                    <Ter>70.8517641066644899 74.2587036512990579 28.0291756903702947</Ter>
               </Appuis>
               <Appuis>
                    <Num>9</Num>
                    <Im>259.493737936525577 12.5904863259203861</Im>
                    <Ter>77.4825537414142076 63.3291439821005469 29.9017987397572753</Ter>
               </Appuis>
          </Verif>
          <ConvOri>
               <KnownConv>eConvApero_DistM2C</KnownConv>
          </ConvOri>
     </OrientationConique>
</ExportAPERO>
