<?xml version="1.0" ?>
<ExportAPERO>
     <OrientationConique>
          <OrIntImaM2C>
               <I00>0 0</I00>
               <V10>1 0</V10>
               <V01>0 1</V01>
          </OrIntImaM2C>
          <TypeProj>eProjStenope</TypeProj>
          <ZoneUtileInPixel>true</ZoneUtileInPixel>
          <FileInterne>Ori-Basc/AutoCal_Foc-14000_Cam-DCGX9.xml</FileInterne>
          <RelativeNameFI>true</RelativeNameFI>
          <Externe>
               <AltiSol>1.42067799803551864</AltiSol>
               <Profondeur>72.0154727524223546</Profondeur>
               <Time>-1.00000000000000002e+30</Time>
               <KnownConv>eConvApero_DistM2C</KnownConv>
               <Centre>-0.156049544477902369 82.7726528016682579 73.3929283009692455</Centre>
               <IncCentre>1 1 1</IncCentre>
               <ParamRotation>
                    <CodageMatr>
                         <L1>-0.99994456599015924 0.0103293823657849282 -0.00204176558239723555</L1>
                         <L2>0.0103532675855329964 0.99987372256543694 -0.0120560679094802656</L2>
                         <L3>0.00191697601821262014 -0.012076538538714621 -0.999925238415287021</L3>
                    </CodageMatr>
               </ParamRotation>
          </Externe>
          <Verif>
               <Tol>0.00100000000000000002</Tol>
               <ShowMes>true</ShowMes>
               <Appuis>
                    <Num>0</Num>
                    <Im>617.495764732360726 772.552999734872515</Im>
                    <Ter>1.77459843933452799 103.630363453430249 -7.98256365784138211</Ter>
               </Appuis>
               <Appuis>
                    <Num>1</Num>
                    <Im>874.846132278439086 944.949930667871058</Im>
                    <Ter>-19.791992997441465 121.803703557015865 -19.5246207458828849</Ter>
               </Appuis>
               <Appuis>
                    <Num>2</Num>
                    <Im>451.943378448504973 336.655979633341587</Im>
                    <Ter>8.37836377973003366 75.6328712660973963 23.3864971249818225</Ter>
               </Appuis>
               <Appuis>
                    <Num>3</Num>
                    <Im>1117.10092448954106 204.276955963079871</Im>
                    <Ter>-28.14573443521315 66.3570137003839733 10.387068060444733</Ter>
               </Appuis>
               <Appuis>
                    <Num>4</Num>
                    <Im>564.164471626282193 288.8031070232405</Im>
                    <Ter>6.88524849112734305 63.5495526640829027 -30.282192927133039</Ter>
               </Appuis>
               <Appuis>
                    <Num>5</Num>
                    <Im>1051.31831932065529 901.27103662488264</Im>
                    <Ter>-33.281543422581187 116.577937137468169 -14.779959998199601</Ter>
               </Appuis>
               <Appuis>
                    <Num>6</Num>
                    <Im>461.460710048675764 169.874004364014468</Im>
                    <Ter>7.7570278100017509 68.232870813811644 24.269769003391815</Ter>
               </Appuis>
               <Appuis>
                    <Num>7</Num>
                    <Im>832.461058616634887 969.067236185066463</Im>
                    <Ter>-15.8291116794741331 123.003232234835679 -17.671360275224302</Ter>
               </Appuis>
               <Appuis>
                    <Num>8</Num>
                    <Im>542.89449405670166 402.179737687110503</Im>
                    <Ter>3.57827595967753886 79.2973599890155469 31.058793566476524</Ter>
               </Appuis>
               <Appuis>
                    <Num>9</Num>
                    <Im>512.480368137361211 760.179379463190003</Im>
                    <Ter>6.69729472033518025 96.7913029978269748 15.9553468697230869</Ter>
               </Appuis>
          </Verif>
          <ConvOri>
               <KnownConv>eConvApero_DistM2C</KnownConv>
          </ConvOri>
     </OrientationConique>
</ExportAPERO>
