<?xml version="1.0" ?>
<ExportAPERO>
     <OrientationConique>
          <OrIntImaM2C>
               <I00>0 0</I00>
               <V10>1 0</V10>
               <V01>0 1</V01>
          </OrIntImaM2C>
          <TypeProj>eProjStenope</TypeProj>
          <ZoneUtileInPixel>true</ZoneUtileInPixel>
          <FileInterne>Ori-Basc/AutoCal_Foc-14000_Cam-DCGX9.xml</FileInterne>
          <RelativeNameFI>true</RelativeNameFI>
          <Externe>
               <AltiSol>3.33871578238959188</AltiSol>
               <Profondeur>63.1330866774605397</Profondeur>
               <Time>-1.00000000000000002e+30</Time>
               <KnownConv>eConvApero_DistM2C</KnownConv>
               <Centre>109.677897857811999 42.9355786514585702 44.9489513666894567</Centre>
               <IncCentre>1 1 1</IncCentre>
               <ParamRotation>
                    <CodageMatr>
                         <L1>-0.103307256797293218 0.626416127839585113 -0.772612739653882996</L1>
                         <L2>0.99454860253591526 0.0761180838393401143 -0.071267906567299949</L2>
                         <L3>0.0141664352211951419 -0.775763412449367751 -0.630864834982927225</L3>
                    </CodageMatr>
               </ParamRotation>
          </Externe>
          <Verif>
               <Tol>0.00100000000000000002</Tol>
               <ShowMes>true</ShowMes>
               <Appuis>
                    <Num>0</Num>
                    <Im>475.657972812662308 315.923742055901414</Im>
                    <Ter>73.3936708807993057 32.9439812784630988 22.7988910781956875</Ter>
               </Appuis>
               <Appuis>
                    <Num>1</Num>
                    <Im>991.719154357826142 248.453923344649638</Im>
                    <Ter>48.6741897351285786 57.9790856635519631 14.8095640812607208</Ter>
               </Appuis>
               <Appuis>
                    <Num>2</Num>
                    <Im>770.428439139977286 904.208782910320565</Im>
                    <Ter>92.1383225726406323 45.3997623814441482 14.5525612184608946</Ter>
               </Appuis>
               <Appuis>
                    <Num>3</Num>
                    <Im>1128.76129817739547 572.787410973835563</Im>
                    <Ter>50.4844434549347696 72.4815890718048763 -8.72005218809832172</Ter>
               </Appuis>
               <Appuis>
                    <Num>4</Num>
                    <Im>811.433947563170932 219.020958065987287</Im>
                    <Ter>63.9419558848153855 46.0565968795146858 23.206774797769711</Ter>
               </Appuis>
               <Appuis>
                    <Num>5</Num>
                    <Im>1256.90127181967569 834.193355798465632</Im>
                    <Ter>81.215514342600045 66.9024818507600685 4.68744099596111852</Ter>
               </Appuis>
               <Appuis>
                    <Num>6</Num>
                    <Im>537.581441402435189 487.432981967926196</Im>
                    <Ter>76.7476939813953862 35.7249295047790554 17.1753448725015865</Ter>
               </Appuis>
               <Appuis>
                    <Num>7</Num>
                    <Im>97.367534638254611 257.125451445803037</Im>
                    <Ter>80.1940265903076579 22.5574391383135655 28.2367596468115103</Ter>
               </Appuis>
               <Appuis>
                    <Num>8</Num>
                    <Im>421.059587002160129 902.833794592795471</Im>
                    <Ter>69.7217475472547221 23.6654984994983479 -29.0359343904957115</Ter>
               </Appuis>
               <Appuis>
                    <Num>9</Num>
                    <Im>1148.85093212127117 636.121691465375875</Im>
                    <Ter>59.2897736361132388 70.9342899446692741 -6.04784503378159144</Ter>
               </Appuis>
          </Verif>
          <ConvOri>
               <KnownConv>eConvApero_DistM2C</KnownConv>
          </ConvOri>
     </OrientationConique>
</ExportAPERO>
