<?xml version="1.0" ?>
<ExportAPERO>
     <OrientationConique>
          <OrIntImaM2C>
               <I00>0 0</I00>
               <V10>1 0</V10>
               <V01>0 1</V01>
          </OrIntImaM2C>
          <TypeProj>eProjStenope</TypeProj>
          <ZoneUtileInPixel>true</ZoneUtileInPixel>
          <FileInterne>Ori-Basc/AutoCal_Foc-14000_Cam-DCGX9.xml</FileInterne>
          <RelativeNameFI>true</RelativeNameFI>
          <Externe>
               <AltiSol>5.07355554853165902</AltiSol>
               <Profondeur>56.7976377330843789</Profondeur>
               <Time>-1.00000000000000002e+30</Time>
               <KnownConv>eConvApero_DistM2C</KnownConv>
               <Centre>5.69874234673794255 72.9718983246077357 26.776530168903971</Centre>
               <IncCentre>1 1 1</IncCentre>
               <ParamRotation>
                    <CodageMatr>
                         <L1>0.00501319380992213109 -0.445553962338537501 0.8952410482837867</L1>
                         <L2>-0.995973700388117056 0.0779064080574616707 0.044350645077447147</L2>
                         <L3>-0.0895056200639131605 -0.891858877977908304 -0.443369468670273936</L3>
                    </CodageMatr>
               </ParamRotation>
          </Externe>
          <Verif>
               <Tol>0.00100000000000000002</Tol>
               <ShowMes>true</ShowMes>
               <Appuis>
                    <Num>0</Num>
                    <Im>1235.40920734385895 15.430487819131292</Im>
                    <Ter>81.3318603242342846 35.5230057687574003 19.165812019913119</Ter>
               </Appuis>
               <Appuis>
                    <Num>1</Num>
                    <Im>404.933373928070068 653.462198495864186</Im>
                    <Ter>40.7706019372672515 84.6163650363508424 2.60821570241430223</Ter>
               </Appuis>
               <Appuis>
                    <Num>2</Num>
                    <Im>923.993308067299949 645.395750999435904</Im>
                    <Ter>58.5304912858030377 60.1966720935836861 -11.7071929524009484</Ter>
               </Appuis>
               <Appuis>
                    <Num>3</Num>
                    <Im>634.738592147823738 255.465129733105357</Im>
                    <Ter>69.7795162434298533 75.3058704462240769 9.74491116136010405</Ter>
               </Appuis>
               <Appuis>
                    <Num>4</Num>
                    <Im>327.613411903386123 636.963555335994215</Im>
                    <Ter>47.4019314913557039 90.2137394601411984 -0.762978313814375753</Ter>
               </Appuis>
               <Appuis>
                    <Num>5</Num>
                    <Im>226.67475843441224 652.504926681442157</Im>
                    <Ter>53.6128508679482039 98.4510066364652374 -5.42707719579455627</Ter>
               </Appuis>
               <Appuis>
                    <Num>6</Num>
                    <Im>599.306035995483171 382.652360200881844</Im>
                    <Ter>73.378697898030012 78.5561920145354264 0.50725557508824437</Ter>
               </Appuis>
               <Appuis>
                    <Num>7</Num>
                    <Im>697.100363730649406 178.587448956602941</Im>
                    <Ter>64.8829129319515943 71.4410144637870985 14.8974472788142478</Ter>
               </Appuis>
               <Appuis>
                    <Num>8</Num>
                    <Im>116.280349373833616 863.915825843794437</Im>
                    <Ter>53.197483338413754 109.104669747424197 -19.8421412571440676</Ter>
               </Appuis>
               <Appuis>
                    <Num>9</Num>
                    <Im>1035.40986728666553 895.30458497999291</Im>
                    <Ter>44.429584579637158 57.5681572585379797 -17.1263937651556368</Ter>
               </Appuis>
          </Verif>
          <ConvOri>
               <KnownConv>eConvApero_DistM2C</KnownConv>
          </ConvOri>
     </OrientationConique>
</ExportAPERO>
