<?xml version="1.0" ?>
<ExportAPERO>
     <OrientationConique>
          <OrIntImaM2C>
               <I00>0 0</I00>
               <V10>1 0</V10>
               <V01>0 1</V01>
          </OrIntImaM2C>
          <TypeProj>eProjStenope</TypeProj>
          <ZoneUtileInPixel>true</ZoneUtileInPixel>
          <FileInterne>Ori-Basc/AutoCal_Foc-14000_Cam-DCGX9.xml</FileInterne>
          <RelativeNameFI>true</RelativeNameFI>
          <Externe>
               <AltiSol>2.24774163581987985</AltiSol>
               <Profondeur>80.1436516376323311</Profondeur>
               <Time>-1.00000000000000002e+30</Time>
               <KnownConv>eConvApero_DistM2C</KnownConv>
               <Centre>71.1023230407758717 65.2117548039779962 82.8464365737495001</Centre>
               <IncCentre>1 1 1</IncCentre>
               <ParamRotation>
                    <CodageMatr>
                         <L1>-0.996018910757156206 -0.0647582036221961838 0.061259321558063809</L1>
                         <L2>-0.0649375550110747879 0.997888887431694238 -0.000939302677072904294</L2>
                         <L3>-0.0610691686803719325 -0.00491359379290732309 -0.998121442126521319</L3>
                    </CodageMatr>
               </ParamRotation>
          </Externe>
          <Verif>
               <Tol>0.00100000000000000002</Tol>
               <ShowMes>true</ShowMes>
               <Appuis>
                    <Num>0</Num>
                    <Im>125.396620988879391 920.47255468364574</Im>
                    <Ter>99.9990548115865892 90.0881548877471374 28.0856378406568368</Ter>
               </Appuis>
               <Appuis>
                    <Num>1</Num>
                    <Im>605.891781806920335 155.231042149435723</Im>
                    <Ter>83.8722500633671189 32.3801921866886957 -28.7279697100697291</Ter>
               </Appuis>
               <Appuis>
                    <Num>2</Num>
                    <Im>858.003138541768863 852.627109765319233</Im>
                    <Ter>58.1950737031489069 92.1196253534090204 0.442252562470670796</Ter>
               </Appuis>
               <Appuis>
                    <Num>3</Num>
                    <Im>457.47137260438916 26.8500625715201942</Im>
                    <Ter>87.8885142350598016 38.9306831221117804 18.492833012961654</Ter>
               </Appuis>
               <Appuis>
                    <Num>4</Num>
                    <Im>714.616724967954838 554.388997793195585</Im>
                    <Ter>70.5607307187716231 69.3997199731141308 17.3697898468129068</Ter>
               </Appuis>
               <Appuis>
                    <Num>5</Num>
                    <Im>617.184611320494582 815.612039566008548</Im>
                    <Ter>76.159627194081267 89.4763344340111928 4.53990799852259386</Ter>
               </Appuis>
               <Appuis>
                    <Num>6</Num>
                    <Im>900.306175231926545 628.451756000514024</Im>
                    <Ter>63.4295058279307256 70.3110321220463561 40.2143038407136757</Ter>
               </Appuis>
               <Appuis>
                    <Num>7</Num>
                    <Im>1050.75062656380555 506.511270761448884</Im>
                    <Ter>43.9219046366176258 65.3056533716570868 -5.62517204644768753</Ter>
               </Appuis>
               <Appuis>
                    <Num>8</Num>
                    <Im>346.284972667698526 186.841854393486074</Im>
                    <Ter>101.433841958660821 43.5464286560810336 -2.45405809107796813</Ter>
               </Appuis>
               <Appuis>
                    <Num>9</Num>
                    <Im>797.443167686457514 730.519074439994483</Im>
                    <Ter>65.2693593703114487 78.7941279837459518 20.7616166274130336</Ter>
               </Appuis>
          </Verif>
          <ConvOri>
               <KnownConv>eConvApero_DistM2C</KnownConv>
          </ConvOri>
     </OrientationConique>
</ExportAPERO>
