<?xml version="1.0" ?>
<ExportAPERO>
     <OrientationConique>
          <OrIntImaM2C>
               <I00>0 0</I00>
               <V10>1 0</V10>
               <V01>0 1</V01>
          </OrIntImaM2C>
          <TypeProj>eProjStenope</TypeProj>
          <ZoneUtileInPixel>true</ZoneUtileInPixel>
          <FileInterne>Ori-Basc/AutoCal_Foc-14000_Cam-DCGX9.xml</FileInterne>
          <RelativeNameFI>true</RelativeNameFI>
          <Externe>
               <AltiSol>2.05310518810784703</AltiSol>
               <Profondeur>78.4932604646014624</Profondeur>
               <Time>-1.00000000000000002e+30</Time>
               <KnownConv>eConvApero_DistM2C</KnownConv>
               <Centre>73.4602928567898914 84.590873879922384 82.1117350900049559</Centre>
               <IncCentre>1 1 1</IncCentre>
               <ParamRotation>
                    <CodageMatr>
                         <L1>-0.993759152584835936 -0.0825368679656535986 0.0750360718607329391</L1>
                         <L2>-0.0792507568903544068 0.995803448438910888 0.0457690901098026168</L2>
                         <L3>-0.0784988164635286589 0.0395367867130543282 -0.996129900319346784</L3>
                    </CodageMatr>
               </ParamRotation>
          </Externe>
          <Verif>
               <Tol>0.00100000000000000002</Tol>
               <ShowMes>true</ShowMes>
               <Appuis>
                    <Num>0</Num>
                    <Im>381.073708535575349 553.141931533039383</Im>
                    <Ter>91.1609829211550107 92.2687484781731655 25.8421698380486689</Ter>
               </Appuis>
               <Appuis>
                    <Num>1</Num>
                    <Im>217.25000810625437 415.817051768302576</Im>
                    <Ter>99.4443101505805203 85.7138012224994981 28.2538131513606814</Ter>
               </Appuis>
               <Appuis>
                    <Num>2</Num>
                    <Im>1195.70964717862398 116.379069417726981</Im>
                    <Ter>33.3559915304838199 52.2964897361151344 -21.2262891150364936</Ter>
               </Appuis>
               <Appuis>
                    <Num>3</Num>
                    <Im>631.510143756864977 802.887560605982344</Im>
                    <Ter>78.9109207709101526 115.414682178027235 -6.29926918738722463</Ter>
               </Appuis>
               <Appuis>
                    <Num>4</Num>
                    <Im>698.515385627732371 18.546884313280362</Im>
                    <Ter>77.8466923630942489 56.4324135715725959 6.28545643509266938</Ter>
               </Appuis>
               <Appuis>
                    <Num>5</Num>
                    <Im>160.299345374111141 822.361724138255909</Im>
                    <Ter>129.875500697009528 130.363551250474245 -26.8085342560150934</Ter>
               </Appuis>
               <Appuis>
                    <Num>6</Num>
                    <Im>612.061626434326058 508.987211465835514</Im>
                    <Ter>83.8075012319232115 92.4041951656200098 -20.040481005299398</Ter>
               </Appuis>
               <Appuis>
                    <Num>7</Num>
                    <Im>577.32217454910267 460.463095664977914</Im>
                    <Ter>87.9015713320788876 88.2659694848639873 -23.5550433997535862</Ter>
               </Appuis>
               <Appuis>
                    <Num>8</Num>
                    <Im>76.7083974481004134 871.986966133081296</Im>
                    <Ter>116.03370882043771 118.611256891178243 11.4133652924687539</Ter>
               </Appuis>
               <Appuis>
                    <Num>9</Num>
                    <Im>739.822005271910143 522.047080278395583</Im>
                    <Ter>71.9476524105587174 92.0391922974326491 -12.7798531149001207</Ter>
               </Appuis>
          </Verif>
          <ConvOri>
               <KnownConv>eConvApero_DistM2C</KnownConv>
          </ConvOri>
     </OrientationConique>
</ExportAPERO>
