<?xml version="1.0" ?>
<ExportAPERO>
     <OrientationConique>
          <OrIntImaM2C>
               <I00>0 0</I00>
               <V10>1 0</V10>
               <V01>0 1</V01>
          </OrIntImaM2C>
          <TypeProj>eProjStenope</TypeProj>
          <ZoneUtileInPixel>true</ZoneUtileInPixel>
          <FileInterne>Ori-Basc/AutoCal_Foc-14000_Cam-DCGX9.xml</FileInterne>
          <RelativeNameFI>true</RelativeNameFI>
          <Externe>
               <AltiSol>3.56447867332202817</AltiSol>
               <Profondeur>59.7475248171550462</Profondeur>
               <Time>-1.00000000000000002e+30</Time>
               <KnownConv>eConvApero_DistM2C</KnownConv>
               <Centre>108.488390674251093 60.5777602310728511 43.2672553162091944</Centre>
               <IncCentre>1 1 1</IncCentre>
               <ParamRotation>
                    <CodageMatr>
                         <L1>-0.0799188653170091745 0.667201854152080776 -0.740577248355947959</L1>
                         <L2>0.995744027294362954 0.0876473560323775963 -0.0284916318966945449</L2>
                         <L3>0.0458999681268391219 -0.739702390692742906 -0.67136693851380258</L3>
                    </CodageMatr>
               </ParamRotation>
          </Externe>
          <Verif>
               <Tol>0.00100000000000000002</Tol>
               <ShowMes>true</ShowMes>
               <Appuis>
                    <Num>0</Num>
                    <Im>349.390211108026222 521.194903849510183</Im>
                    <Ter>63.7458802954312063 41.7454565947946747 -2.76904601191978372</Ter>
               </Appuis>
               <Appuis>
                    <Num>1</Num>
                    <Im>575.112004280091242 54.1474612802395896</Im>
                    <Ter>33.1070499691931559 51.175035697204784 13.908403761787234</Ter>
               </Appuis>
               <Appuis>
                    <Num>2</Num>
                    <Im>563.053071498871304 765.239426851267353</Im>
                    <Ter>82.6217438658667902 56.9718946073599071 3.08535910897386145</Ter>
               </Appuis>
               <Appuis>
                    <Num>3</Num>
                    <Im>370.361240387081125 1.12234899702868618</Im>
                    <Ter>61.7429433589618029 45.9957491046196054 26.7027382128359392</Ter>
               </Appuis>
               <Appuis>
                    <Num>4</Num>
                    <Im>558.089525699615706 546.368261575698625</Im>
                    <Ter>65.9813467839992569 54.4536644978424533 -0.950106421176236893</Ter>
               </Appuis>
               <Appuis>
                    <Num>5</Num>
                    <Im>52.6617300510625341 802.147258043272018</Im>
                    <Ter>82.0481008927305595 31.4449910189191364 -5.76767578117550528</Ter>
               </Appuis>
               <Appuis>
                    <Num>6</Num>
                    <Im>711.983276367179201 291.577011108410602</Im>
                    <Ter>74.9641740637625702 61.3315908583571883 22.078277140890961</Ter>
               </Appuis>
               <Appuis>
                    <Num>7</Num>
                    <Im>1026.31249236936901 87.1086572715727101</Im>
                    <Ter>37.1310379502583885 81.2485515577102717 15.7562736717683478</Ter>
               </Appuis>
               <Appuis>
                    <Num>8</Num>
                    <Im>71.8414449692960773 937.834961414209261</Im>
                    <Ter>76.8358965911180718 20.6815815298975565 -34.5838633990088127</Ter>
               </Appuis>
               <Appuis>
                    <Num>9</Num>
                    <Im>1052.15993213511479 117.562920571261486</Im>
                    <Ter>19.7816218822773209 89.054116918816959 6.73323771195206433</Ter>
               </Appuis>
          </Verif>
          <ConvOri>
               <KnownConv>eConvApero_DistM2C</KnownConv>
          </ConvOri>
     </OrientationConique>
</ExportAPERO>
