<?xml version="1.0" ?>
<ExportAPERO>
     <OrientationConique>
          <OrIntImaM2C>
               <I00>0 0</I00>
               <V10>1 0</V10>
               <V01>0 1</V01>
          </OrIntImaM2C>
          <TypeProj>eProjStenope</TypeProj>
          <ZoneUtileInPixel>true</ZoneUtileInPixel>
          <FileInterne>Ori-Basc/AutoCal_Foc-14000_Cam-DCGX9.xml</FileInterne>
          <RelativeNameFI>true</RelativeNameFI>
          <Externe>
               <AltiSol>1.43370691200982359</AltiSol>
               <Profondeur>68.4604925391019918</Profondeur>
               <Time>-1.00000000000000002e+30</Time>
               <KnownConv>eConvApero_DistM2C</KnownConv>
               <Centre>68.225973079284131 15.1163438940781027 61.9534959939083762</Centre>
               <IncCentre>1 1 1</IncCentre>
               <ParamRotation>
                    <CodageMatr>
                         <L1>0.012430684960328094 0.779759669126497523 -0.625955538736699846</L1>
                         <L2>0.996554387154550247 0.0416784193843518155 0.0717095725872149564</L2>
                         <L3>0.082005070053235346 -0.62469013739721968 -0.776554827893180311</L3>
                    </CodageMatr>
               </ParamRotation>
          </Externe>
          <Verif>
               <Tol>0.00100000000000000002</Tol>
               <ShowMes>true</ShowMes>
               <Appuis>
                    <Num>0</Num>
                    <Im>162.58839511979474 75.6620374032035272</Im>
                    <Ter>-16.0350158261179843 -20.0966185114221041 8.71585697300597673</Ter>
               </Appuis>
               <Appuis>
                    <Num>1</Num>
                    <Im>613.627474308011983 242.846803486387245</Im>
                    <Ter>14.94394011741187 17.553433562935254 18.6393347932355198</Ter>
               </Appuis>
               <Appuis>
                    <Num>2</Num>
                    <Im>1071.10854148731573 161.156287015170875</Im>
                    <Ter>32.4080811841840912 34.2501715460529113 38.224515894551601</Ter>
               </Appuis>
               <Appuis>
                    <Num>3</Num>
                    <Im>1081.89678954817737 111.313648493635071</Im>
                    <Ter>34.9977648223715292 32.469374168720222 41.9580402034261652</Ter>
               </Appuis>
               <Appuis>
                    <Num>4</Num>
                    <Im>197.419964790395795 491.085191488255418</Im>
                    <Ter>16.4763055339128783 -12.7388123943717986 -6.13940699957339575</Ter>
               </Appuis>
               <Appuis>
                    <Num>5</Num>
                    <Im>893.159302711486475 371.292209386825675</Im>
                    <Ter>0.272233321335804135 43.8370032133376668 -5.79520584200153621</Ter>
               </Appuis>
               <Appuis>
                    <Num>6</Num>
                    <Im>256.652300120029849 0.253426658749936973</Im>
                    <Ter>24.1456814276481992 1.49062446785037928 37.902864143604269</Ter>
               </Appuis>
               <Appuis>
                    <Num>7</Num>
                    <Im>734.728837966919173 168.267142832279944</Im>
                    <Ter>15.1845479319232624 24.1273115644694869 24.746030995407537</Ter>
               </Appuis>
               <Appuis>
                    <Num>8</Num>
                    <Im>405.040284634155171 911.150350569300258</Im>
                    <Ter>57.0550095668527604 10.5530712833363527 25.1841761049524067</Ter>
               </Appuis>
               <Appuis>
                    <Num>9</Num>
                    <Im>1241.92797946928044 406.964503526687508</Im>
                    <Ter>40.9615867166869805 40.4497536562560498 33.8553270861089715</Ter>
               </Appuis>
          </Verif>
          <ConvOri>
               <KnownConv>eConvApero_DistM2C</KnownConv>
          </ConvOri>
     </OrientationConique>
</ExportAPERO>
