<?xml version="1.0" ?>
<ExportAPERO>
     <OrientationConique>
          <OrIntImaM2C>
               <I00>0 0</I00>
               <V10>1 0</V10>
               <V01>0 1</V01>
          </OrIntImaM2C>
          <TypeProj>eProjStenope</TypeProj>
          <ZoneUtileInPixel>true</ZoneUtileInPixel>
          <FileInterne>Ori-Basc/AutoCal_Foc-14000_Cam-DCGX9.xml</FileInterne>
          <RelativeNameFI>true</RelativeNameFI>
          <Externe>
               <AltiSol>3.2522647269230669</AltiSol>
               <Profondeur>69.785364881529901</Profondeur>
               <Time>-1.00000000000000002e+30</Time>
               <KnownConv>eConvApero_DistM2C</KnownConv>
               <Centre>-18.9460838262416686 51.9413989407433121 46.3055479709972744</Centre>
               <IncCentre>1 1 1</IncCentre>
               <ParamRotation>
                    <CodageMatr>
                         <L1>0.0570402275523703151 -0.693974795326313454 0.717736299689917701</L1>
                         <L2>-0.99756261563905213 -0.0106768762322020511 0.0689552912639423143</L2>
                         <L3>-0.0401900525024127611 -0.719920125962404067 -0.692892323463126347</L3>
                    </CodageMatr>
               </ParamRotation>
          </Externe>
          <Verif>
               <Tol>0.00100000000000000002</Tol>
               <ShowMes>true</ShowMes>
               <Appuis>
                    <Num>0</Num>
                    <Im>1013.59737968361833 726.861940383291767</Im>
                    <Ter>40.5293189928135149 23.7287532066092126 -43.394331547688644</Ter>
               </Appuis>
               <Appuis>
                    <Num>1</Num>
                    <Im>301.074605941773257 466.237664222717058</Im>
                    <Ter>9.96851407613706897 67.4924271925549846 18.8057545155126284</Ter>
               </Appuis>
               <Appuis>
                    <Num>2</Num>
                    <Im>371.898274898534396 691.411308288567739</Im>
                    <Ter>21.7577459830913966 74.4411588786770153 -12.7147577572313395</Ter>
               </Appuis>
               <Appuis>
                    <Num>3</Num>
                    <Im>325.593116283432323 149.314096570030216</Im>
                    <Ter>38.3222144509329681 74.7161815207163613 17.0658868582038714</Ter>
               </Appuis>
               <Appuis>
                    <Num>4</Num>
                    <Im>938.760503768438184 41.5572881703698158</Im>
                    <Ter>70.2451346548347715 34.4182727962706565 9.72516595714559173</Ter>
               </Appuis>
               <Appuis>
                    <Num>5</Num>
                    <Im>1067.4240617738501 673.627650975436381</Im>
                    <Ter>11.9003735700618982 35.712892976271263 4.22574481165477067</Ter>
               </Appuis>
               <Appuis>
                    <Num>6</Num>
                    <Im>514.829815864568332 796.027914047218474</Im>
                    <Ter>1.40266396082125411 59.2437380531959192 10.3969427887463155</Ter>
               </Appuis>
               <Appuis>
                    <Num>7</Num>
                    <Im>430.626279830933811 149.00754421949577</Im>
                    <Ter>68.2486563079506254 77.2382223926504139 1.65838652983925527</Ter>
               </Appuis>
               <Appuis>
                    <Num>8</Num>
                    <Im>771.666718482933561 815.074338197619795</Im>
                    <Ter>18.7258818527380058 48.0705978445053006 -21.7001838012547736</Ter>
               </Appuis>
               <Appuis>
                    <Num>9</Num>
                    <Im>360.356128692693574 781.183914899724527</Im>
                    <Ter>3.31346906544756692 66.1024309628733278 7.74779480490233396</Ter>
               </Appuis>
          </Verif>
          <ConvOri>
               <KnownConv>eConvApero_DistM2C</KnownConv>
          </ConvOri>
     </OrientationConique>
</ExportAPERO>
