<?xml version="1.0" ?>
<ExportAPERO>
     <OrientationConique>
          <OrIntImaM2C>
               <I00>0 0</I00>
               <V10>1 0</V10>
               <V01>0 1</V01>
          </OrIntImaM2C>
          <TypeProj>eProjStenope</TypeProj>
          <ZoneUtileInPixel>true</ZoneUtileInPixel>
          <FileInterne>Ori-Basc/AutoCal_Foc-14000_Cam-DCGX9.xml</FileInterne>
          <RelativeNameFI>true</RelativeNameFI>
          <Externe>
               <AltiSol>2.35835000723615407</AltiSol>
               <Profondeur>75.8014949573995409</Profondeur>
               <Time>-1.00000000000000002e+30</Time>
               <KnownConv>eConvApero_DistM2C</KnownConv>
               <Centre>55.8116222434077898 84.7422649304164963 78.2683833078220061</Centre>
               <IncCentre>1 1 1</IncCentre>
               <ParamRotation>
                    <CodageMatr>
                         <L1>-0.992231533356153439 -0.0961684771545453093 0.0789189978108718604</L1>
                         <L2>-0.0963506426708128222 0.995346315537398718 0.00150525846504579093</L2>
                         <L3>-0.0786964921112627835 -0.0061103312431442583 -0.996879895464584553</L3>
                    </CodageMatr>
               </ParamRotation>
          </Externe>
          <Verif>
               <Tol>0.00100000000000000002</Tol>
               <ShowMes>true</ShowMes>
               <Appuis>
                    <Num>0</Num>
                    <Im>90.101855278693165 341.775903582644844</Im>
                    <Ter>109.243632695412884 78.1196193030315698 -7.52337628372228551</Ter>
               </Appuis>
               <Appuis>
                    <Num>1</Num>
                    <Im>441.009016513872552 326.740803480176453</Im>
                    <Ter>86.1789712197662254 71.6970338641945659 -30.2922210743752913</Ter>
               </Appuis>
               <Appuis>
                    <Num>2</Num>
                    <Im>525.02314138412487 304.841653704644216</Im>
                    <Ter>65.9685998013318908 77.3910926526172602 28.2395677740169262</Ter>
               </Appuis>
               <Appuis>
                    <Num>3</Num>
                    <Im>967.948285102734758 664.643212079929413</Im>
                    <Ter>38.5143842505484812 95.3549992355720093 2.67254874651764851</Ter>
               </Appuis>
               <Appuis>
                    <Num>4</Num>
                    <Im>235.76939105988879 467.459499478337989</Im>
                    <Ter>98.7413626465188372 87.4179337965073557 -14.1536980051905914</Ter>
               </Appuis>
               <Appuis>
                    <Num>5</Num>
                    <Im>1085.13740444094128 246.753683924977196</Im>
                    <Ter>40.532429021479885 72.2527431162707785 26.7795052312014903</Ter>
               </Appuis>
               <Appuis>
                    <Num>6</Num>
                    <Im>507.313661098489547 809.544779777487975</Im>
                    <Ter>68.7150979324742792 108.350123124915257 4.37910795758969584</Ter>
               </Appuis>
               <Appuis>
                    <Num>7</Num>
                    <Im>106.046777845115855 253.475530386171471</Im>
                    <Ter>122.159823222595662 67.1458469933812836 -29.5400648000212556</Ter>
               </Appuis>
               <Appuis>
                    <Num>8</Num>
                    <Im>647.420720100185463 965.259758946932948</Im>
                    <Ter>58.4312153794096218 122.498804005427729 -5.89125912856323453</Ter>
               </Appuis>
               <Appuis>
                    <Num>9</Num>
                    <Im>113.413719177265449 874.160250663735951</Im>
                    <Ter>84.2726260489546917 107.043479952827155 26.6762177070310784</Ter>
               </Appuis>
          </Verif>
          <ConvOri>
               <KnownConv>eConvApero_DistM2C</KnownConv>
          </ConvOri>
     </OrientationConique>
</ExportAPERO>
