<?xml version="1.0" ?>
<ExportAPERO>
     <OrientationConique>
          <OrIntImaM2C>
               <I00>0 0</I00>
               <V10>1 0</V10>
               <V01>0 1</V01>
          </OrIntImaM2C>
          <TypeProj>eProjStenope</TypeProj>
          <ZoneUtileInPixel>true</ZoneUtileInPixel>
          <FileInterne>Ori-Basc/AutoCal_Foc-14000_Cam-DCGX9.xml</FileInterne>
          <RelativeNameFI>true</RelativeNameFI>
          <Externe>
               <AltiSol>3.68934791800002415</AltiSol>
               <Profondeur>66.8739449820413938</Profondeur>
               <Time>-1.00000000000000002e+30</Time>
               <KnownConv>eConvApero_DistM2C</KnownConv>
               <Centre>112.677950083512087 25.2393847992278779 71.4389256743979502</Centre>
               <IncCentre>1 1 1</IncCentre>
               <ParamRotation>
                    <CodageMatr>
                         <L1>-0.0888820858825183358 0.994046962596818684 0.0630127841093514607</L1>
                         <L2>0.995457087059144374 0.0908199762959646245 -0.0285818076636768434</L2>
                         <L3>-0.0341344786527584751 0.0601861118335412087 -0.997603362719605591</L3>
                    </CodageMatr>
               </ParamRotation>
          </Externe>
          <Verif>
               <Tol>0.00100000000000000002</Tol>
               <ShowMes>true</ShowMes>
               <Appuis>
                    <Num>0</Num>
                    <Im>748.609076499871662 284.258803367688586</Im>
                    <Ter>101.988245255348602 29.7709546643251315 -17.8831724268894732</Ter>
               </Appuis>
               <Appuis>
                    <Num>1</Num>
                    <Im>297.516561269808449 702.515151500655975</Im>
                    <Ter>138.514252713759447 -3.1087568130549954 -13.6042111987270715</Ter>
               </Appuis>
               <Appuis>
                    <Num>2</Num>
                    <Im>678.579397201537859 320.852565050125577</Im>
                    <Ter>108.729844883928436 24.7959324146111406 22.9976863705024215</Ter>
               </Appuis>
               <Appuis>
                    <Num>3</Num>
                    <Im>759.174310684171815 817.659893274224032</Im>
                    <Ter>129.28657953158276 30.0893415358900675 26.5261083041416157</Ter>
               </Appuis>
               <Appuis>
                    <Num>4</Num>
                    <Im>237.167109491609835 864.808325526211206</Im>
                    <Ter>130.826241944523304 10.4410050464593507 32.7447037749058438</Ter>
               </Appuis>
               <Appuis>
                    <Num>5</Num>
                    <Im>957.901227950067209 808.406400917887481</Im>
                    <Ter>130.071782729792147 39.9827049135394077 20.8413749967289448</Ter>
               </Appuis>
               <Appuis>
                    <Num>6</Num>
                    <Im>111.829216003859656 478.535359740184504</Im>
                    <Ter>120.53558323060777 -12.4073810682691601 -0.357198912748245334</Ter>
               </Appuis>
               <Appuis>
                    <Num>7</Num>
                    <Im>993.686342239252554 626.565716743403414</Im>
                    <Ter>125.432989919342063 48.070741208589908 -3.57542874145340761</Ter>
               </Appuis>
               <Appuis>
                    <Num>8</Num>
                    <Im>986.659512519715463 207.306762099332786</Im>
                    <Ter>99.4953322528304369 41.6239036723267333 7.73697340036309811</Ter>
               </Appuis>
               <Appuis>
                    <Num>9</Num>
                    <Im>911.256025312909514 874.785319087799621</Im>
                    <Ter>129.095581815047808 35.4276980686262633 31.5556855560066296</Ter>
               </Appuis>
          </Verif>
          <ConvOri>
               <KnownConv>eConvApero_DistM2C</KnownConv>
          </ConvOri>
     </OrientationConique>
</ExportAPERO>
