<?xml version="1.0" ?>
<ExportAPERO>
     <OrientationConique>
          <OrIntImaM2C>
               <I00>0 0</I00>
               <V10>1 0</V10>
               <V01>0 1</V01>
          </OrIntImaM2C>
          <TypeProj>eProjStenope</TypeProj>
          <ZoneUtileInPixel>true</ZoneUtileInPixel>
          <FileInterne>Ori-Basc/AutoCal_Foc-14000_Cam-DCGX9.xml</FileInterne>
          <RelativeNameFI>true</RelativeNameFI>
          <Externe>
               <AltiSol>2.39296082218372241</AltiSol>
               <Profondeur>77.4083961212323999</Profondeur>
               <Time>-1.00000000000000002e+30</Time>
               <KnownConv>eConvApero_DistM2C</KnownConv>
               <Centre>104.721418930248177 86.7456520607809978 82.9105645862608753</Centre>
               <IncCentre>1 1 1</IncCentre>
               <ParamRotation>
                    <CodageMatr>
                         <L1>-0.991508417245226203 -0.0782492864628976381 0.103865815839061668</L1>
                         <L2>-0.0729962239357850734 0.995898725635444348 0.0534535271877800006</L2>
                         <L3>-0.107622533992576153 0.045417809785869262 -0.993153871628798202</L3>
                    </CodageMatr>
               </ParamRotation>
          </Externe>
          <Verif>
               <Tol>0.00100000000000000002</Tol>
               <ShowMes>true</ShowMes>
               <Appuis>
                    <Num>0</Num>
                    <Im>898.436551094054153 343.336575865745885</Im>
                    <Ter>91.3359081741975132 76.9882124043331686 -33.1902132917296342</Ter>
               </Appuis>
               <Appuis>
                    <Num>1</Num>
                    <Im>1187.2892704009721 717.804039001449951</Im>
                    <Ter>73.5553258808852348 104.688496631346325 4.90769776309774386</Ter>
               </Appuis>
               <Appuis>
                    <Num>2</Num>
                    <Im>567.672672271840042 964.358626840263014</Im>
                    <Ter>111.74788306242975 112.653564517869825 33.4290385360397053</Ter>
               </Appuis>
               <Appuis>
                    <Num>3</Num>
                    <Im>783.088088035549049 804.389370202944974</Im>
                    <Ter>101.676506402046925 108.808346535365686 18.8769462938225985</Ter>
               </Appuis>
               <Appuis>
                    <Num>4</Num>
                    <Im>801.479510306623069 917.653924225053856</Im>
                    <Ter>98.8928149457684071 122.347443312206735 3.94933549013993002</Ter>
               </Appuis>
               <Appuis>
                    <Num>5</Num>
                    <Im>569.288499355323438 846.18570113172666</Im>
                    <Ter>110.349866269778204 102.16809786579006 45.0016985173645523</Ter>
               </Appuis>
               <Appuis>
                    <Num>6</Num>
                    <Im>740.059309959072607 635.873263120114188</Im>
                    <Ter>105.167351641146382 104.829965166655867 -11.750227382117302</Ter>
               </Appuis>
               <Appuis>
                    <Num>7</Num>
                    <Im>23.2138342591351154 274.844713211701105</Im>
                    <Ter>169.982746574299853 78.0854566344083452 -6.59678831745635819</Ter>
               </Appuis>
               <Appuis>
                    <Num>8</Num>
                    <Im>1222.61792850493134 438.016540288924659</Im>
                    <Ter>61.9617307661032797 84.5370352062675607 -22.8382086172117624</Ter>
               </Appuis>
               <Appuis>
                    <Num>9</Num>
                    <Im>898.995283126823779 634.401638031000971</Im>
                    <Ter>95.5805591977991469 98.445134851760983 16.7477054201150821</Ter>
               </Appuis>
          </Verif>
          <ConvOri>
               <KnownConv>eConvApero_DistM2C</KnownConv>
          </ConvOri>
     </OrientationConique>
</ExportAPERO>
