<?xml version="1.0" ?>
<ExportAPERO>
     <OrientationConique>
          <OrIntImaM2C>
               <I00>0 0</I00>
               <V10>1 0</V10>
               <V01>0 1</V01>
          </OrIntImaM2C>
          <TypeProj>eProjStenope</TypeProj>
          <ZoneUtileInPixel>true</ZoneUtileInPixel>
          <FileInterne>Ori-Basc/AutoCal_Foc-14000_Cam-DCGX9.xml</FileInterne>
          <RelativeNameFI>true</RelativeNameFI>
          <Externe>
               <AltiSol>1.12492040061722665</AltiSol>
               <Profondeur>63.6395339013412951</Profondeur>
               <Time>-1.00000000000000002e+30</Time>
               <KnownConv>eConvApero_DistM2C</KnownConv>
               <Centre>41.3246669402278002 -15.6344631286949411 65.0942278129735854</Centre>
               <IncCentre>1 1 1</IncCentre>
               <ParamRotation>
                    <CodageMatr>
                         <L1>0.999289459709894357 0.0376734323501340465 0.00113499236438873515</L1>
                         <L2>0.0376904755870055494 -0.998785936365307991 -0.031718785741266034</L2>
                         <L3>-6.13411174185047502e-05 0.0317390266680450672 -0.999496188298600985</L3>
                    </CodageMatr>
               </ParamRotation>
          </Externe>
          <Verif>
               <Tol>0.00100000000000000002</Tol>
               <ShowMes>true</ShowMes>
               <Appuis>
                    <Num>0</Num>
                    <Im>1216.4898748397593 624.206110954276255</Im>
                    <Ter>89.8894752524232672 -28.963062856092133 -24.7627942041322342</Ter>
               </Appuis>
               <Appuis>
                    <Num>1</Num>
                    <Im>370.963578701066069 775.137801647113179</Im>
                    <Ter>33.46866836587877 -26.0050829566507034 32.3217968786054399</Ter>
               </Appuis>
               <Appuis>
                    <Num>2</Num>
                    <Im>817.787332534713528 28.9340591133960316</Im>
                    <Ter>54.6436724553648787 19.4722063372455665 -27.035182279530332</Ter>
               </Appuis>
               <Appuis>
                    <Num>3</Num>
                    <Im>626.195855140685808 101.546795010569127</Im>
                    <Ter>39.7815044020291282 2.22754588569404355 7.11916226138841779</Ter>
               </Appuis>
               <Appuis>
                    <Num>4</Num>
                    <Im>1168.22324466704845 563.842715978621072</Im>
                    <Ter>75.7005962729148223 -22.1735903274796939 -4.93425518122133155</Ter>
               </Appuis>
               <Appuis>
                    <Num>5</Num>
                    <Im>779.025326728820232 170.660539627076304</Im>
                    <Ter>46.660783758671883 -3.87728986829638522 18.2975769453808184</Ter>
               </Appuis>
               <Appuis>
                    <Num>6</Num>
                    <Im>1110.69338893568079 671.48119067983373</Im>
                    <Ter>75.540268669317328 -30.7486374533004749 -12.2487967717819544</Ter>
               </Appuis>
               <Appuis>
                    <Num>7</Num>
                    <Im>573.987356185913086 485.44512069225317</Im>
                    <Ter>35.5726606587011744 -19.4626469628939489 -28.8205931665935111</Ter>
               </Appuis>
               <Appuis>
                    <Num>8</Num>
                    <Im>624.658318519532031 683.425565241626941</Im>
                    <Ter>40.7291667398153621 -31.3119033194420631 -5.87961896154587293</Ter>
               </Appuis>
               <Appuis>
                    <Num>9</Num>
                    <Im>767.468773841380539 921.227283237931829</Im>
                    <Ter>47.1762407175310798 -35.0061855080193354 21.2119337067287788</Ter>
               </Appuis>
          </Verif>
          <ConvOri>
               <KnownConv>eConvApero_DistM2C</KnownConv>
          </ConvOri>
     </OrientationConique>
</ExportAPERO>
