<?xml version="1.0" ?>
<ExportAPERO>
     <OrientationConique>
          <OrIntImaM2C>
               <I00>0 0</I00>
               <V10>1 0</V10>
               <V01>0 1</V01>
          </OrIntImaM2C>
          <TypeProj>eProjStenope</TypeProj>
          <ZoneUtileInPixel>true</ZoneUtileInPixel>
          <FileInterne>Ori-Basc/AutoCal_Foc-14000_Cam-DCGX9.xml</FileInterne>
          <RelativeNameFI>true</RelativeNameFI>
          <Externe>
               <AltiSol>1.94532910551579885</AltiSol>
               <Profondeur>62.503491065966486</Profondeur>
               <Time>-1.00000000000000002e+30</Time>
               <KnownConv>eConvApero_DistM2C</KnownConv>
               <Centre>127.691247897620613 -22.4087517272272052 65.6057605416237379</Centre>
               <IncCentre>1 1 1</IncCentre>
               <ParamRotation>
                    <CodageMatr>
                         <L1>0.999434591179841902 -0.0209564439643714871 0.0262930677090102392</L1>
                         <L2>-0.0189720949442392477 -0.997109256490135487 -0.0735743857270722418</L2>
                         <L3>0.0277589186858784309 0.0730339515434937914 -0.996943069766440315</L3>
                    </CodageMatr>
               </ParamRotation>
          </Externe>
          <Verif>
               <Tol>0.00100000000000000002</Tol>
               <ShowMes>true</ShowMes>
               <Appuis>
                    <Num>0</Num>
                    <Im>472.738437652588345 422.084653258323669</Im>
                    <Ter>116.90915420206278 -24.0886923331055378 -19.485855816492375</Ter>
               </Appuis>
               <Appuis>
                    <Num>1</Num>
                    <Im>1090.06464385933418 408.722099304210019</Im>
                    <Ter>155.774957921361448 -23.5710986673773029 2.24440591456026795</Ter>
               </Appuis>
               <Appuis>
                    <Num>2</Num>
                    <Im>55.7632750869277203 862.420852661089043</Im>
                    <Ter>90.8013647731213638 -51.915912288305968 -3.61765638659274202</Ter>
               </Appuis>
               <Appuis>
                    <Num>3</Num>
                    <Im>447.713105679304817 957.784313675894396</Im>
                    <Ter>119.011333042335082 -49.760820291895854 13.8081465145866957</Ter>
               </Appuis>
               <Appuis>
                    <Num>4</Num>
                    <Im>360.358793735613745 13.4772223124287986</Im>
                    <Ter>113.9898388896315 -0.584279940914839813 2.24937132075228874</Ter>
               </Appuis>
               <Appuis>
                    <Num>5</Num>
                    <Im>800.633957862816942 454.69736230373087</Im>
                    <Ter>139.442231672913266 -26.207170579308098 -2.99116875257216464</Ter>
               </Appuis>
               <Appuis>
                    <Num>6</Num>
                    <Im>275.206425189975221 476.619107007979778</Im>
                    <Ter>100.97377058477646 -28.1151892084569255 -21.2723801011509437</Ter>
               </Appuis>
               <Appuis>
                    <Num>7</Num>
                    <Im>587.286460876465298 106.71303132176584</Im>
                    <Ter>126.26670547313104 -0.421502345863849825 -19.0778416611737498</Ter>
               </Appuis>
               <Appuis>
                    <Num>8</Num>
                    <Im>949.629166602139549 815.128044604174988</Im>
                    <Ter>152.071256555845963 -53.7559896199471154 -12.2917334188475991</Ter>
               </Appuis>
               <Appuis>
                    <Num>9</Num>
                    <Im>738.955750465391134 105.389642000203878</Im>
                    <Ter>137.380003074436843 -1.30904127635961487 -15.7173620646508425</Ter>
               </Appuis>
          </Verif>
          <ConvOri>
               <KnownConv>eConvApero_DistM2C</KnownConv>
          </ConvOri>
     </OrientationConique>
</ExportAPERO>
