<?xml version="1.0" ?>
<ExportAPERO>
     <OrientationConique>
          <OrIntImaM2C>
               <I00>0 0</I00>
               <V10>1 0</V10>
               <V01>0 1</V01>
          </OrIntImaM2C>
          <TypeProj>eProjStenope</TypeProj>
          <ZoneUtileInPixel>true</ZoneUtileInPixel>
          <FileInterne>Ori-Basc/AutoCal_Foc-14000_Cam-DCGX9.xml</FileInterne>
          <RelativeNameFI>true</RelativeNameFI>
          <Externe>
               <AltiSol>3.47662242570691271</AltiSol>
               <Profondeur>79.0321400584587366</Profondeur>
               <Time>-1.00000000000000002e+30</Time>
               <KnownConv>eConvApero_DistM2C</KnownConv>
               <Centre>125.538002223339348 66.1826824350253844 85.466711656381932</Centre>
               <IncCentre>1 1 1</IncCentre>
               <ParamRotation>
                    <CodageMatr>
                         <L1>-0.990713123625719616 -0.0960663680134806186 0.0962224485890278564</L1>
                         <L2>-0.0936835705057383478 0.995179783917090832 0.0289928663644827798</L2>
                         <L3>-0.0985438749647381818 0.0197091506521948172 -0.994937512654690881</L3>
                    </CodageMatr>
               </ParamRotation>
          </Externe>
          <Verif>
               <Tol>0.00100000000000000002</Tol>
               <ShowMes>true</ShowMes>
               <Appuis>
                    <Num>0</Num>
                    <Im>1023.29520034780921 353.761180758491548</Im>
                    <Ter>98.9107019994427077 53.1420647016350216 -29.5913339262820472</Ter>
               </Appuis>
               <Appuis>
                    <Num>1</Num>
                    <Im>218.125725746548738 80.5012266043235911</Im>
                    <Ter>167.818560483676293 41.8665985851045406 6.84393550420524832</Ter>
               </Appuis>
               <Appuis>
                    <Num>2</Num>
                    <Im>828.776347160327873 731.109381437286515</Im>
                    <Ter>120.918559655053343 78.0589821535619421 36.3951522989070924</Ter>
               </Appuis>
               <Appuis>
                    <Num>3</Num>
                    <Im>111.554687620526067 147.145461381160374</Im>
                    <Ter>186.770999965163099 43.2931992863287292 -10.0985988223901018</Ter>
               </Appuis>
               <Appuis>
                    <Num>4</Num>
                    <Im>719.873039245583982 281.887697339087481</Im>
                    <Ter>130.425314005343239 48.874346713606414 -26.5237312911488772</Ter>
               </Appuis>
               <Appuis>
                    <Num>5</Num>
                    <Im>1212.06652164447996 802.067828178333002</Im>
                    <Ter>87.7551823405488278 89.295232418121941 -0.431988615763884809</Ter>
               </Appuis>
               <Appuis>
                    <Num>6</Num>
                    <Im>1253.81198501584026 308.146335840229028</Im>
                    <Ter>90.1417119603422634 52.0285298968956766 2.64475235887891813</Ter>
               </Appuis>
               <Appuis>
                    <Num>7</Num>
                    <Im>410.83435821533584 124.81004118919968</Im>
                    <Ter>147.355462475882575 48.5559719178284155 22.0718894027369785</Ter>
               </Appuis>
               <Appuis>
                    <Num>8</Num>
                    <Im>377.417385578166659 724.612296581252963</Im>
                    <Ter>162.652221887783156 98.7668208167178108 -28.3848503684395013</Ter>
               </Appuis>
               <Appuis>
                    <Num>9</Num>
                    <Im>103.171244860523572 568.035929202742636</Im>
                    <Ter>150.870889220827337 73.10587503060529 44.2286374376993052</Ter>
               </Appuis>
          </Verif>
          <ConvOri>
               <KnownConv>eConvApero_DistM2C</KnownConv>
          </ConvOri>
     </OrientationConique>
</ExportAPERO>
