<?xml version="1.0" ?>
<ExportAPERO>
     <OrientationConique>
          <OrIntImaM2C>
               <I00>0 0</I00>
               <V10>1 0</V10>
               <V01>0 1</V01>
          </OrIntImaM2C>
          <TypeProj>eProjStenope</TypeProj>
          <ZoneUtileInPixel>true</ZoneUtileInPixel>
          <FileInterne>Ori-Basc/AutoCal_Foc-14000_Cam-DCGX9.xml</FileInterne>
          <RelativeNameFI>true</RelativeNameFI>
          <Externe>
               <AltiSol>3.78913889246480817</AltiSol>
               <Profondeur>80.3281745635655255</Profondeur>
               <Time>-1.00000000000000002e+30</Time>
               <KnownConv>eConvApero_DistM2C</KnownConv>
               <Centre>141.871122040144485 23.0633340119129073 62.7333036086743263</Centre>
               <IncCentre>1 1 1</IncCentre>
               <ParamRotation>
                    <CodageMatr>
                         <L1>-0.0485593189356917365 0.745107441883996358 -0.665174332482537101</L1>
                         <L2>0.998304983171553473 0.0575954610874673742 -0.00836202349712851858</L2>
                         <L3>0.0320804164459607549 -0.664452904961073232 -0.74664126859519675</L3>
                    </CodageMatr>
               </ParamRotation>
          </Externe>
          <Verif>
               <Tol>0.00100000000000000002</Tol>
               <ShowMes>true</ShowMes>
               <Appuis>
                    <Num>0</Num>
                    <Im>580.024759769440266 276.910382151607109</Im>
                    <Ter>58.6751072674469043 15.1497148017604175 -2.5465283014979363</Ter>
               </Appuis>
               <Appuis>
                    <Num>1</Num>
                    <Im>871.640819546889588 516.256405591143903</Im>
                    <Ter>95.8157362716434875 37.4009224101058351 8.60364759803962897</Ter>
               </Appuis>
               <Appuis>
                    <Num>2</Num>
                    <Im>26.0733287036477108 163.75635498762378</Im>
                    <Ter>79.9832173808541427 -20.0087407320197315 21.2315429908036819</Ter>
               </Appuis>
               <Appuis>
                    <Num>3</Num>
                    <Im>54.2041043061252523 529.346111297138464</Im>
                    <Ter>105.344536933927145 -10.0736775204625388 14.5264477794862188</Ter>
               </Appuis>
               <Appuis>
                    <Num>4</Num>
                    <Im>588.863664150273394 659.056065559016588</Im>
                    <Ter>119.451225619927897 21.0721628477026215 27.1055622861541536</Ter>
               </Appuis>
               <Appuis>
                    <Num>5</Num>
                    <Im>1100.04665851591858 12.9073385596362975</Im>
                    <Ter>82.7817489585054602 45.9738937841528781 36.461328849851192</Ter>
               </Appuis>
               <Appuis>
                    <Num>6</Num>
                    <Im>1178.41421413420881 590.751422166821953</Im>
                    <Ter>84.434578348294707 69.3279974671674637 -12.4812597067177578</Ter>
               </Appuis>
               <Appuis>
                    <Num>7</Num>
                    <Im>1179.43179702755197 757.698688030220865</Im>
                    <Ter>104.22725310097961 61.3539231269294163 -5.90422261104537682</Ter>
               </Appuis>
               <Appuis>
                    <Num>8</Num>
                    <Im>1047.1034574502446 188.818997562239844</Im>
                    <Ter>78.1507143866811163 48.2242448923940046 22.3759318041796789</Ter>
               </Appuis>
               <Appuis>
                    <Num>9</Num>
                    <Im>1207.12429618834585 356.486187100411257</Im>
                    <Ter>73.9935512407565881 67.4943095597420495 5.22467690754678671</Ter>
               </Appuis>
          </Verif>
          <ConvOri>
               <KnownConv>eConvApero_DistM2C</KnownConv>
          </ConvOri>
     </OrientationConique>
</ExportAPERO>
