<?xml version="1.0" ?>
<ExportAPERO>
     <OrientationConique>
          <OrIntImaM2C>
               <I00>0 0</I00>
               <V10>1 0</V10>
               <V01>0 1</V01>
          </OrIntImaM2C>
          <TypeProj>eProjStenope</TypeProj>
          <ZoneUtileInPixel>true</ZoneUtileInPixel>
          <FileInterne>Ori-Basc/AutoCal_Foc-14000_Cam-DCGX9.xml</FileInterne>
          <RelativeNameFI>true</RelativeNameFI>
          <Externe>
               <AltiSol>4.61049581248423035</AltiSol>
               <Profondeur>58.5900209933209979</Profondeur>
               <Time>-1.00000000000000002e+30</Time>
               <KnownConv>eConvApero_DistM2C</KnownConv>
               <Centre>1.67318161570370894 84.060606913621811 32.2265007091375963</Centre>
               <IncCentre>1 1 1</IncCentre>
               <ParamRotation>
                    <CodageMatr>
                         <L1>0.0833509015185124047 -0.576113682020739537 0.813108635180169292</L1>
                         <L2>-0.990870564307230639 0.0388480989857300646 0.129098218402366821</L2>
                         <L3>-0.105962974691736239 -0.816445865072327526 -0.567616065136265613</L3>
                    </CodageMatr>
               </ParamRotation>
          </Externe>
          <Verif>
               <Tol>0.00100000000000000002</Tol>
               <ShowMes>true</ShowMes>
               <Appuis>
                    <Num>0</Num>
                    <Im>650.313102722166036 53.9772135615493411</Im>
                    <Ter>72.5598017875125691 91.377040765092957 15.0361667328177298</Ter>
               </Appuis>
               <Appuis>
                    <Num>1</Num>
                    <Im>622.44200706481945 124.479532420635906</Im>
                    <Ter>61.7801037574258061 92.1893292301272993 14.026239567050979</Ter>
               </Appuis>
               <Appuis>
                    <Num>2</Num>
                    <Im>789.64780139914842 4.20204344222682913</Im>
                    <Ter>70.3130004181697217 82.6759035306817651 17.737495408837713</Ter>
               </Appuis>
               <Appuis>
                    <Num>3</Num>
                    <Im>1273.97701263415274 135.831383943604664</Im>
                    <Ter>33.8903984196774388 69.7036749425836746 20.7932893393966083</Ter>
               </Appuis>
               <Appuis>
                    <Num>4</Num>
                    <Im>952.341485023492851 448.993562221526815</Im>
                    <Ter>64.2985735899574138 72.8509641636882463 -10.1160772426846606</Ter>
               </Appuis>
               <Appuis>
                    <Num>5</Num>
                    <Im>1175.54230213160622 25.2463494837573279</Im>
                    <Ter>67.9077891289534392 61.2221519483324244 15.4516032342013503</Ter>
               </Appuis>
               <Appuis>
                    <Num>6</Num>
                    <Im>6.28362856062465625 721.893489360796707</Im>
                    <Ter>35.0988899541390396 122.172185199825947 -4.22494338327687302</Ter>
               </Appuis>
               <Appuis>
                    <Num>7</Num>
                    <Im>1010.51025581255908 77.8091929265038118</Im>
                    <Ter>70.7774061124269736 69.5489351840072203 12.3610838682011064</Ter>
               </Appuis>
               <Appuis>
                    <Num>8</Num>
                    <Im>887.23193836209839 150.532412230991127</Im>
                    <Ter>74.5819456164634431 76.469584529617677 7.07366808744102116</Ter>
               </Appuis>
               <Appuis>
                    <Num>9</Num>
                    <Im>1237.72146034115349 946.961690424818016</Im>
                    <Ter>51.5519212989556195 50.623999066424318 -48.9196229284979438</Ter>
               </Appuis>
          </Verif>
          <ConvOri>
               <KnownConv>eConvApero_DistM2C</KnownConv>
          </ConvOri>
     </OrientationConique>
</ExportAPERO>
