<?xml version="1.0" ?>
<ExportAPERO>
     <OrientationConique>
          <OrIntImaM2C>
               <I00>0 0</I00>
               <V10>1 0</V10>
               <V01>0 1</V01>
          </OrIntImaM2C>
          <TypeProj>eProjStenope</TypeProj>
          <ZoneUtileInPixel>true</ZoneUtileInPixel>
          <FileInterne>Ori-Basc/AutoCal_Foc-14000_Cam-DCGX9.xml</FileInterne>
          <RelativeNameFI>true</RelativeNameFI>
          <Externe>
               <AltiSol>1.34571758134573582</AltiSol>
               <Profondeur>73.4359368086704904</Profondeur>
               <Time>-1.00000000000000002e+30</Time>
               <KnownConv>eConvApero_DistM2C</KnownConv>
               <Centre>-1.32817934956894845 66.5285471240942741 73.6857439739699913</Centre>
               <IncCentre>1 1 1</IncCentre>
               <ParamRotation>
                    <CodageMatr>
                         <L1>-0.999052733632733503 -0.0267818711595905617 0.0342982040076969322</L1>
                         <L2>-0.028152770147297005 0.998797729339580775 -0.0401312521500525946</L2>
                         <L3>-0.0331821782587576539 -0.0410588266185083484 -0.998605585705745646</L3>
                    </CodageMatr>
               </ParamRotation>
          </Externe>
          <Verif>
               <Tol>0.00100000000000000002</Tol>
               <ShowMes>true</ShowMes>
               <Appuis>
                    <Num>0</Num>
                    <Im>325.10552930831949 344.245732069016015</Im>
                    <Ter>13.8069390911696299 59.4142979313133566 28.1894948559509047</Ter>
               </Appuis>
               <Appuis>
                    <Num>1</Num>
                    <Im>711.346060752798735 873.564381837552446</Im>
                    <Ter>-4.46579768118956721 92.6838851509456561 -9.0028114454831325</Ter>
               </Appuis>
               <Appuis>
                    <Num>2</Num>
                    <Im>944.834252357266564 100.643026828959762</Im>
                    <Ter>-20.7935093812849487 33.7462001913060732 -8.9914487352827166</Ter>
               </Appuis>
               <Appuis>
                    <Num>3</Num>
                    <Im>545.931677342230273 151.884776655596028</Im>
                    <Ter>6.51349328542553785 46.4109446196148525 14.6173114784272542</Ter>
               </Appuis>
               <Appuis>
                    <Num>4</Num>
                    <Im>1024.59790420519903 536.792009353605408</Im>
                    <Ter>-17.2748589857335872 66.7336204158928723 22.795839199192919</Ter>
               </Appuis>
               <Appuis>
                    <Num>5</Num>
                    <Im>1099.78617954114588 228.004745185876715</Im>
                    <Ter>-16.692032619797871 55.1566183568562565 33.1822499068128636</Ter>
               </Appuis>
               <Appuis>
                    <Num>6</Num>
                    <Im>1141.52669906306073 236.444733203409868</Im>
                    <Ter>-22.5554146360293402 52.6144391596765431 22.8991635068944674</Ter>
               </Appuis>
               <Appuis>
                    <Num>7</Num>
                    <Im>913.323635101314721 287.436113834382866</Im>
                    <Ter>-15.9992518753154478 50.9533668935870594 3.24891658506254544</Ter>
               </Appuis>
               <Appuis>
                    <Num>8</Num>
                    <Im>583.184303283691293 332.306629657745759</Im>
                    <Ter>2.11326175554364459 60.1352484476998583 36.6332470204003329</Ter>
               </Appuis>
               <Appuis>
                    <Num>9</Num>
                    <Im>1162.34462356227777 508.206643580806656</Im>
                    <Ter>-19.9878265159319319 65.467989074699716 31.170055481167104</Ter>
               </Appuis>
          </Verif>
          <ConvOri>
               <KnownConv>eConvApero_DistM2C</KnownConv>
          </ConvOri>
     </OrientationConique>
</ExportAPERO>
