<?xml version="1.0" ?>
<ExportAPERO>
     <OrientationConique>
          <OrIntImaM2C>
               <I00>0 0</I00>
               <V10>1 0</V10>
               <V01>0 1</V01>
          </OrIntImaM2C>
          <TypeProj>eProjStenope</TypeProj>
          <ZoneUtileInPixel>true</ZoneUtileInPixel>
          <FileInterne>Ori-Basc/AutoCal_Foc-14000_Cam-DCGX9.xml</FileInterne>
          <RelativeNameFI>true</RelativeNameFI>
          <Externe>
               <AltiSol>1.28411798669824218</AltiSol>
               <Profondeur>69.8001327566307452</Profondeur>
               <Time>-1.00000000000000002e+30</Time>
               <KnownConv>eConvApero_DistM2C</KnownConv>
               <Centre>9.12832726148723417 36.9894834538096262 70.7841119012859679</Centre>
               <IncCentre>1 1 1</IncCentre>
               <ParamRotation>
                    <CodageMatr>
                         <L1>0.0466484142049488626 0.998441251588941481 0.0306429857825847481</L1>
                         <L2>0.998870443316935641 -0.0463468627834624294 -0.0104788252184825556</L2>
                         <L3>-0.00904228510898244173 0.0310971933723780229 -0.999475463252784802</L3>
                    </CodageMatr>
               </ParamRotation>
          </Externe>
          <Verif>
               <Tol>0.00100000000000000002</Tol>
               <ShowMes>true</ShowMes>
               <Appuis>
                    <Num>0</Num>
                    <Im>670.760470390319711 361.030838370323238</Im>
                    <Ter>2.63431984872986291 38.7147484469741698 -16.6536977773992021</Ter>
               </Appuis>
               <Appuis>
                    <Num>1</Num>
                    <Im>35.5059438050098137 17.1597421691030725</Im>
                    <Ter>-8.08742852365737086 14.4101471942006079 29.6186574151516382</Ter>
               </Appuis>
               <Appuis>
                    <Num>2</Num>
                    <Im>285.427366733656982 88.3568967283867295</Im>
                    <Ter>-14.9634143896538259 14.3156501455425058 -0.276189899256067406</Ter>
               </Appuis>
               <Appuis>
                    <Num>3</Num>
                    <Im>693.583897594322593 444.98985672093238</Im>
                    <Ter>9.32356215247904174 39.6556966701167255 -1.39177097020971985</Ter>
               </Appuis>
               <Appuis>
                    <Num>4</Num>
                    <Im>1112.93550109862781 701.897498846051462</Im>
                    <Ter>31.7001520082322372 73.2254164081845715 -16.4862794055741517</Ter>
               </Appuis>
               <Appuis>
                    <Num>5</Num>
                    <Im>7.74493626505617527 246.874045372010414</Im>
                    <Ter>1.03394102154284973 14.3035238731900485 32.0772599834813761</Ter>
               </Appuis>
               <Appuis>
                    <Num>6</Num>
                    <Im>853.615087509093087 773.783090829761136</Im>
                    <Ter>20.2371074218005127 43.074890023557117 35.2932196821164652</Ter>
               </Appuis>
               <Appuis>
                    <Num>7</Num>
                    <Im>1268.60057830798769 128.425736725376026</Im>
                    <Ter>-1.4459133693527555 60.321380229506488 30.4196242156395869</Ter>
               </Appuis>
               <Appuis>
                    <Num>8</Num>
                    <Im>1106.77531242132432 174.688636065592817</Im>
                    <Ter>-5.56076659023427311 64.683882099712207 5.661174461046798</Ter>
               </Appuis>
               <Appuis>
                    <Num>9</Num>
                    <Im>254.214191436800178 213.379511296767845</Im>
                    <Ter>-11.6110951196273096 4.69389312799452796 -20.5705940509623275</Ter>
               </Appuis>
          </Verif>
          <ConvOri>
               <KnownConv>eConvApero_DistM2C</KnownConv>
          </ConvOri>
     </OrientationConique>
</ExportAPERO>
