<?xml version="1.0" ?>
<ExportAPERO>
     <OrientationConique>
          <OrIntImaM2C>
               <I00>0 0</I00>
               <V10>1 0</V10>
               <V01>0 1</V01>
          </OrIntImaM2C>
          <TypeProj>eProjStenope</TypeProj>
          <ZoneUtileInPixel>true</ZoneUtileInPixel>
          <FileInterne>Ori-Basc/AutoCal_Foc-14000_Cam-DCGX9.xml</FileInterne>
          <RelativeNameFI>true</RelativeNameFI>
          <Externe>
               <AltiSol>3.56817707521382799</AltiSol>
               <Profondeur>77.019216853643016</Profondeur>
               <Time>-1.00000000000000002e+30</Time>
               <KnownConv>eConvApero_DistM2C</KnownConv>
               <Centre>139.75884375059016 7.03029830524891608 61.6732557924109344</Centre>
               <IncCentre>1 1 1</IncCentre>
               <ParamRotation>
                    <CodageMatr>
                         <L1>-0.0372136235715606611 0.759926065845429766 -0.648943387877064182</L1>
                         <L2>0.998991354423489408 0.0446195662792601075 -0.00503667471383640198</L2>
                         <L3>0.0251280721066394139 -0.648476266916329314 -0.760820025524082344</L3>
                    </CodageMatr>
               </ParamRotation>
          </Externe>
          <Verif>
               <Tol>0.00100000000000000002</Tol>
               <ShowMes>true</ShowMes>
               <Appuis>
                    <Num>0</Num>
                    <Im>202.40492749215079 916.940387964236379</Im>
                    <Ter>112.678937735993742 -25.8347302898692597 -24.7446011330464515</Ter>
               </Appuis>
               <Appuis>
                    <Num>1</Num>
                    <Im>677.973003386928553 175.59218698922777</Im>
                    <Ter>58.5640484482876644 8.42266014849159816 6.79720165968652168</Ter>
               </Appuis>
               <Appuis>
                    <Num>2</Num>
                    <Im>549.761537075042838 371.539565920830057</Im>
                    <Ter>85.7109349593189904 -0.0272010328136964574 9.07797451631486751</Ter>
               </Appuis>
               <Appuis>
                    <Num>3</Num>
                    <Im>762.479427337636821 354.438854813581656</Im>
                    <Ter>98.7899578020932836 12.5079971262496947 23.6699427149626374</Ter>
               </Appuis>
               <Appuis>
                    <Num>4</Num>
                    <Im>283.962944984456669 192.154400110259303</Im>
                    <Ter>50.2500836406164666 -29.9262550011301549 -2.53720332385646685</Ter>
               </Appuis>
               <Appuis>
                    <Num>5</Num>
                    <Im>486.084315776825065 685.350305557250749</Im>
                    <Ter>82.722695998173279 -8.88534227507151542 -39.5802380141737231</Ter>
               </Appuis>
               <Appuis>
                    <Num>6</Num>
                    <Im>310.823719024659169 512.071940660476457</Im>
                    <Ter>86.1216337598518322 -19.7504748471438631 -7.23425456945181367</Ter>
               </Appuis>
               <Appuis>
                    <Num>7</Num>
                    <Im>213.554346799875873 405.206704974175125</Im>
                    <Ter>82.0127072434383564 -26.7565370242318856 0.316034143097503772</Ter>
               </Appuis>
               <Appuis>
                    <Num>8</Num>
                    <Im>166.80891537697309 190.855003416690579</Im>
                    <Ter>52.2763991340765273 -40.6281649482953782 -1.42956908674965177</Ter>
               </Appuis>
               <Appuis>
                    <Num>9</Num>
                    <Im>10.3688526302636284 598.619961261747221</Im>
                    <Ter>79.3965142438188707 -58.0016804597425875 -32.8363056008976812</Ter>
               </Appuis>
          </Verif>
          <ConvOri>
               <KnownConv>eConvApero_DistM2C</KnownConv>
          </ConvOri>
     </OrientationConique>
</ExportAPERO>
