<?xml version="1.0" ?>
<ExportAPERO>
     <OrientationConique>
          <OrIntImaM2C>
               <I00>0 0</I00>
               <V10>1 0</V10>
               <V01>0 1</V01>
          </OrIntImaM2C>
          <TypeProj>eProjStenope</TypeProj>
          <ZoneUtileInPixel>true</ZoneUtileInPixel>
          <FileInterne>Ori-Basc/AutoCal_Foc-14000_Cam-DCGX9.xml</FileInterne>
          <RelativeNameFI>true</RelativeNameFI>
          <Externe>
               <AltiSol>3.59699124173476337</AltiSol>
               <Profondeur>68.446631895359431</Profondeur>
               <Time>-1.00000000000000002e+30</Time>
               <KnownConv>eConvApero_DistM2C</KnownConv>
               <Centre>6.06767271092622984 45.3132463677917059 45.0856874300400605</Centre>
               <IncCentre>1 1 1</IncCentre>
               <ParamRotation>
                    <CodageMatr>
                         <L1>0.104001483581730211 -0.592994380038140978 0.798461869256121726</L1>
                         <L2>-0.994056209119563827 -0.035995701418231954 0.102745134143916839</L2>
                         <L3>-0.0321860920840208731 -0.804401625261032427 -0.59321335179998147</L3>
                    </CodageMatr>
               </ParamRotation>
          </Externe>
          <Verif>
               <Tol>0.00100000000000000002</Tol>
               <ShowMes>true</ShowMes>
               <Appuis>
                    <Num>0</Num>
                    <Im>1082.78150653794842 394.867207646392274</Im>
                    <Ter>70.9572378141313465 23.5708991544174715 5.15670552613486421</Ter>
               </Appuis>
               <Appuis>
                    <Num>1</Num>
                    <Im>1245.28979587552885 401.237673997878915</Im>
                    <Ter>68.9534960475078691 13.8160156419574562 6.26669735879347201</Ter>
               </Appuis>
               <Appuis>
                    <Num>2</Num>
                    <Im>791.85430240624305 823.884738206717429</Im>
                    <Ter>27.5573475771377687 43.770448311444035 15.7212246394117514</Ter>
               </Appuis>
               <Appuis>
                    <Num>3</Num>
                    <Im>10.028231665712342 898.934952735706929</Im>
                    <Ter>45.7091836619108491 98.3007708730403067 -24.9681111248073151</Ter>
               </Appuis>
               <Appuis>
                    <Num>4</Num>
                    <Im>896.733318327686789 876.114827869511601</Im>
                    <Ter>50.4477091044091495 34.7923806280287451 -20.6593494959774304</Ter>
               </Appuis>
               <Appuis>
                    <Num>5</Num>
                    <Im>402.610306263154428 494.708259344034559</Im>
                    <Ter>36.879009461865067 58.1645288426538656 21.0360435970318562</Ter>
               </Appuis>
               <Appuis>
                    <Num>6</Num>
                    <Im>277.164575100029708 707.08535242072935</Im>
                    <Ter>61.4416122346117675 82.4528342549221094 -20.0815336687661627</Ter>
               </Appuis>
               <Appuis>
                    <Num>7</Num>
                    <Im>544.142158985141691 272.377491831788689</Im>
                    <Ter>55.1527854944329192 56.1537095198211134 21.1104430071989775</Ter>
               </Appuis>
               <Appuis>
                    <Num>8</Num>
                    <Im>437.962486267091265 703.457649707792257</Im>
                    <Ter>72.7834711607362266 73.8921683606572088 -31.4093916720172857</Ter>
               </Appuis>
               <Appuis>
                    <Num>9</Num>
                    <Im>287.616583585741807 910.720815181728312</Im>
                    <Ter>39.3723973485452277 71.4701218989833933 -12.075004366577339</Ter>
               </Appuis>
          </Verif>
          <ConvOri>
               <KnownConv>eConvApero_DistM2C</KnownConv>
          </ConvOri>
     </OrientationConique>
</ExportAPERO>
