<?xml version="1.0" ?>
<ExportAPERO>
     <OrientationConique>
          <OrIntImaM2C>
               <I00>0 0</I00>
               <V10>1 0</V10>
               <V01>0 1</V01>
          </OrIntImaM2C>
          <TypeProj>eProjStenope</TypeProj>
          <ZoneUtileInPixel>true</ZoneUtileInPixel>
          <FileInterne>Ori-Basc/AutoCal_Foc-14000_Cam-DCGX9.xml</FileInterne>
          <RelativeNameFI>true</RelativeNameFI>
          <Externe>
               <AltiSol>1.52745848302233433</AltiSol>
               <Profondeur>74.5637608454920837</Profondeur>
               <Time>-1.00000000000000002e+30</Time>
               <KnownConv>eConvApero_DistM2C</KnownConv>
               <Centre>26.6490310317604404 83.3509096012209625 75.7099657710898981</Centre>
               <IncCentre>1 1 1</IncCentre>
               <ParamRotation>
                    <CodageMatr>
                         <L1>-0.996821236645245357 -0.0654003260682560067 0.0454996650889838983</L1>
                         <L2>-0.0653255982105148819 0.99785909617686297 0.00312896077515682595</L2>
                         <L3>-0.0456068897369934848 0.000146721708990339575 -0.99895945367229888</L3>
                    </CodageMatr>
               </ParamRotation>
          </Externe>
          <Verif>
               <Tol>0.00100000000000000002</Tol>
               <ShowMes>true</ShowMes>
               <Appuis>
                    <Num>0</Num>
                    <Im>926.148902891419311 870.292694089507677</Im>
                    <Ter>4.30005517735853005 115.847146434754904 -18.8250611778660755</Ter>
               </Appuis>
               <Appuis>
                    <Num>1</Num>
                    <Im>102.568462375087833 68.4948535881373886</Im>
                    <Ter>48.2618264353241102 70.3538514980643868 38.5194235584290468</Ter>
               </Appuis>
               <Appuis>
                    <Num>2</Num>
                    <Im>1084.95981216253563 159.65179789154783</Im>
                    <Ter>-5.96617274034084133 53.2237120453285257 -21.3190766603698023</Ter>
               </Appuis>
               <Appuis>
                    <Num>3</Num>
                    <Im>11.3448352664778103 190.702994585039647</Im>
                    <Ter>96.9500163667392201 59.0150317617491851 -30.34252404573175</Ter>
               </Appuis>
               <Appuis>
                    <Num>4</Num>
                    <Im>171.335934877931038 126.382822037089937</Im>
                    <Ter>81.9618173185467356 51.0854592318499101 -32.8363156425844664</Ter>
               </Appuis>
               <Appuis>
                    <Num>5</Num>
                    <Im>507.904026031494993 534.646012544631276</Im>
                    <Ter>38.4139861898646728 87.8214852836561874 4.68409036979338111</Ter>
               </Appuis>
               <Appuis>
                    <Num>6</Num>
                    <Im>515.22856807710798 839.673784732721288</Im>
                    <Ter>36.5718885524233812 107.548773950712729 5.40956877756404708</Ter>
               </Appuis>
               <Appuis>
                    <Num>7</Num>
                    <Im>582.649054527282829 542.766050577163583</Im>
                    <Ter>32.8375175934748071 87.5558364892455501 11.6433743148333093</Ter>
               </Appuis>
               <Appuis>
                    <Num>8</Num>
                    <Im>825.552263259836081 789.039881944571221</Im>
                    <Ter>18.1150822929082054 100.190874595544415 14.5207419808307705</Ter>
               </Appuis>
               <Appuis>
                    <Num>9</Num>
                    <Im>333.085942268373572 596.121599435805024</Im>
                    <Ter>46.4685898615368558 91.3570339121203006 14.7312296643530871</Ter>
               </Appuis>
          </Verif>
          <ConvOri>
               <KnownConv>eConvApero_DistM2C</KnownConv>
          </ConvOri>
     </OrientationConique>
</ExportAPERO>
