<?xml version="1.0" ?>
<ExportAPERO>
     <OrientationConique>
          <OrIntImaM2C>
               <I00>0 0</I00>
               <V10>1 0</V10>
               <V01>0 1</V01>
          </OrIntImaM2C>
          <TypeProj>eProjStenope</TypeProj>
          <ZoneUtileInPixel>true</ZoneUtileInPixel>
          <FileInterne>Ori-Basc/AutoCal_Foc-14000_Cam-DCGX9.xml</FileInterne>
          <RelativeNameFI>true</RelativeNameFI>
          <Externe>
               <AltiSol>1.98103443342600749</AltiSol>
               <Profondeur>76.4655804721822534</Profondeur>
               <Time>-1.00000000000000002e+30</Time>
               <KnownConv>eConvApero_DistM2C</KnownConv>
               <Centre>-15.7454398553909733 -3.21766177300319356 58.0998935419585436</Centre>
               <IncCentre>1 1 1</IncCentre>
               <ParamRotation>
                    <CodageMatr>
                         <L1>0.0495024996466765718 -0.778787624704637027 0.625331382656939883</L1>
                         <L2>-0.998725071525930597 -0.0447946111254238569 0.0232738978180901598</L2>
                         <L3>0.00988605251127237447 -0.625686245989978129 -0.780012171408057564</L3>
                    </CodageMatr>
               </ParamRotation>
          </Externe>
          <Verif>
               <Tol>0.00100000000000000002</Tol>
               <ShowMes>true</ShowMes>
               <Appuis>
                    <Num>0</Num>
                    <Im>1044.88629627038677 741.691339729833544</Im>
                    <Ter>11.8737872251257492 -25.0018604366670054 1.60913513407720643</Ter>
               </Appuis>
               <Appuis>
                    <Num>1</Num>
                    <Im>409.655443669073748 574.415983914787262</Im>
                    <Ter>6.3079011701389085 6.13344859202532433 24.3063713991411845</Ter>
               </Appuis>
               <Appuis>
                    <Num>2</Num>
                    <Im>1189.13201236723103 665.881008625022559</Im>
                    <Ter>35.4999537382852282 -52.0546926372209384 -29.9876515171609483</Ter>
               </Appuis>
               <Appuis>
                    <Num>3</Num>
                    <Im>651.681158067231991 540.584307435278902</Im>
                    <Ter>41.621499791801881 -1.96223300711744741 -22.354747720509728</Ter>
               </Appuis>
               <Appuis>
                    <Num>4</Num>
                    <Im>691.390605926467629 243.897279381856208</Im>
                    <Ter>67.6450126917187617 -4.41229027917762018 -9.78628026223423575</Ter>
               </Appuis>
               <Appuis>
                    <Num>5</Num>
                    <Im>170.006889581870524 239.939125835968468</Im>
                    <Ter>26.6085003349809774 22.3212750063826206 22.6513800036459685</Ter>
               </Appuis>
               <Appuis>
                    <Num>6</Num>
                    <Im>423.11016368981592 240.563513518551105</Im>
                    <Ter>34.7311809104111688 11.7899080888428518 16.4825298474119748</Ter>
               </Appuis>
               <Appuis>
                    <Num>7</Num>
                    <Im>728.791045188900284 766.714817762364987</Im>
                    <Ter>30.1387016079967687 -10.5023246145738582 -44.2605544487095344</Ter>
               </Appuis>
               <Appuis>
                    <Num>8</Num>
                    <Im>135.987057209249542 352.553626656557014</Im>
                    <Ter>60.4342876002634597 51.1051256534439133 -20.3939237901286745</Ter>
               </Appuis>
               <Appuis>
                    <Num>9</Num>
                    <Im>1151.23981475815276 911.353473186358315</Im>
                    <Ter>2.39088515448129257 -28.6534273155469705 2.23924015511126839</Ter>
               </Appuis>
          </Verif>
          <ConvOri>
               <KnownConv>eConvApero_DistM2C</KnownConv>
          </ConvOri>
     </OrientationConique>
</ExportAPERO>
