<?xml version="1.0" ?>
<ExportAPERO>
     <OrientationConique>
          <OrIntImaM2C>
               <I00>0 0</I00>
               <V10>1 0</V10>
               <V01>0 1</V01>
          </OrIntImaM2C>
          <TypeProj>eProjStenope</TypeProj>
          <ZoneUtileInPixel>true</ZoneUtileInPixel>
          <FileInterne>Ori-Basc/AutoCal_Foc-14000_Cam-DCGX9.xml</FileInterne>
          <RelativeNameFI>true</RelativeNameFI>
          <Externe>
               <AltiSol>2.02809197823134602</AltiSol>
               <Profondeur>64.0336396196428268</Profondeur>
               <Time>-1.00000000000000002e+30</Time>
               <KnownConv>eConvApero_DistM2C</KnownConv>
               <Centre>78.7455140084833261 -28.2595717140929246 66.5718427967554618</Centre>
               <IncCentre>1 1 1</IncCentre>
               <ParamRotation>
                    <CodageMatr>
                         <L1>0.999919492758813422 0.0091313387291938608 0.00881059895637048215</L1>
                         <L2>0.00938445518566499715 -0.99953162724947886 -0.0291283046001170887</L2>
                         <L3>0.00854049189599274255 0.0292086422317382188 -0.99953685035477946</L3>
                    </CodageMatr>
               </ParamRotation>
          </Externe>
          <Verif>
               <Tol>0.00100000000000000002</Tol>
               <ShowMes>true</ShowMes>
               <Appuis>
                    <Num>0</Num>
                    <Im>767.163722991773284 280.219438433815469</Im>
                    <Ter>83.2884578527608284 -22.5229336778337625 28.7194664778305224</Ter>
               </Appuis>
               <Appuis>
                    <Num>1</Num>
                    <Im>1059.86445522226404 641.368233918747137</Im>
                    <Ter>110.937854686886766 -42.6428352891520461 -14.4306511962742121</Ter>
               </Appuis>
               <Appuis>
                    <Num>2</Num>
                    <Im>333.085556030273892 506.982230186462402</Im>
                    <Ter>52.9323269926090063 -33.7609821562067296 -27.8824418901959916</Ter>
               </Appuis>
               <Appuis>
                    <Num>3</Num>
                    <Im>339.586561203003612 281.073671579361246</Im>
                    <Ter>54.3591577934662951 -14.8805058522824609 -24.4930115664124912</Ter>
               </Appuis>
               <Appuis>
                    <Num>4</Num>
                    <Im>571.984866142285796 869.586168050573633</Im>
                    <Ter>76.6810547697263445 -43.5073788223751379 27.8114071736982567</Ter>
               </Appuis>
               <Appuis>
                    <Num>5</Num>
                    <Im>90.8538801679665653 248.553109288493772</Im>
                    <Ter>41.8061140152643347 -15.2272830665630714 -7.859910241920403</Ter>
               </Appuis>
               <Appuis>
                    <Num>6</Num>
                    <Im>1210.52574062334202 818.719537496477415</Im>
                    <Ter>124.919026445823619 -57.467374640644401 -17.6262168540697104</Ter>
               </Appuis>
               <Appuis>
                    <Num>7</Num>
                    <Im>542.172730922920437 190.989066661260608</Im>
                    <Ter>74.6750651115407607 -17.2084336644344447 18.4824515462365468</Ter>
               </Appuis>
               <Appuis>
                    <Num>8</Num>
                    <Im>1223.71870708445613 832.358937263352459</Im>
                    <Ter>124.378457630249557 -57.5165430443382846 -14.6471628175115427</Ter>
               </Appuis>
               <Appuis>
                    <Num>9</Num>
                    <Im>1142.12428665158586 790.070847988110813</Im>
                    <Ter>102.238200987435349 -43.8272490065685076 17.7211012560914938</Ter>
               </Appuis>
          </Verif>
          <ConvOri>
               <KnownConv>eConvApero_DistM2C</KnownConv>
          </ConvOri>
     </OrientationConique>
</ExportAPERO>
