<?xml version="1.0" ?>
<ExportAPERO>
     <OrientationConique>
          <OrIntImaM2C>
               <I00>0 0</I00>
               <V10>1 0</V10>
               <V01>0 1</V01>
          </OrIntImaM2C>
          <TypeProj>eProjStenope</TypeProj>
          <ZoneUtileInPixel>true</ZoneUtileInPixel>
          <FileInterne>Ori-Basc/AutoCal_Foc-14000_Cam-DCGX9.xml</FileInterne>
          <RelativeNameFI>true</RelativeNameFI>
          <Externe>
               <AltiSol>1.62188889874884912</AltiSol>
               <Profondeur>59.2939661603327437</Profondeur>
               <Time>-1.00000000000000002e+30</Time>
               <KnownConv>eConvApero_DistM2C</KnownConv>
               <Centre>63.5363782182186441 51.3622161755340159 54.1227952056724035</Centre>
               <IncCentre>1 1 1</IncCentre>
               <ParamRotation>
                    <CodageMatr>
                         <L1>-0.119804308100573381 0.740686071992922801 -0.66108325535913981</L1>
                         <L2>0.991960352909106224 0.116645631902725325 -0.04907601058007275</L2>
                         <L3>0.0407625565560403857 -0.661647896780235167 -0.748705866592019542</L3>
                    </CodageMatr>
               </ParamRotation>
          </Externe>
          <Verif>
               <Tol>0.00100000000000000002</Tol>
               <ShowMes>true</ShowMes>
               <Appuis>
                    <Num>0</Num>
                    <Im>1104.00892066880078 425.721509814249998</Im>
                    <Ter>11.7560697359485928 76.7564503983234516 5.63654371328571813</Ter>
               </Appuis>
               <Appuis>
                    <Num>1</Num>
                    <Im>745.961028099059831 419.666590332984867</Im>
                    <Ter>9.43900645161232177 54.2332297410114279 0.178229597587673538</Ter>
               </Appuis>
               <Appuis>
                    <Num>2</Num>
                    <Im>188.072172403942773 87.9508904819405615</Im>
                    <Ter>3.25891784263104256 16.5693565229665154 17.7903613214654968</Ter>
               </Appuis>
               <Appuis>
                    <Num>3</Num>
                    <Im>341.965478897102628 672.26465535163095</Im>
                    <Ter>37.9046033354137109 35.8038795661606883 8.79716646351749887</Ter>
               </Appuis>
               <Appuis>
                    <Num>4</Num>
                    <Im>949.06912136077392 393.566087365150793</Im>
                    <Ter>39.2499660993440642 58.4634837428440619 31.9534240352368748</Ter>
               </Appuis>
               <Appuis>
                    <Num>5</Num>
                    <Im>627.528994560235219 634.164101600560343</Im>
                    <Ter>40.1603582980231693 49.4083171704616717 18.541872889370751</Ter>
               </Appuis>
               <Appuis>
                    <Num>6</Num>
                    <Im>446.716920375836821 360.42943668365956</Im>
                    <Ter>25.8524037370842308 38.8517425600370743 18.2147726085806738</Ter>
               </Appuis>
               <Appuis>
                    <Num>7</Num>
                    <Im>991.255205154389728 483.691290736194219</Im>
                    <Ter>9.29054369938670987 72.2877144053650795 -3.54439586543477247</Ter>
               </Appuis>
               <Appuis>
                    <Num>8</Num>
                    <Im>515.424583911895979 152.578006446361996</Im>
                    <Ter>-7.76721787661884377 34.9971072984202678 8.33413824010645499</Ter>
               </Appuis>
               <Appuis>
                    <Num>9</Num>
                    <Im>124.739378929870753 188.425961673584908</Im>
                    <Ter>24.887753315978614 24.6788210008305846 25.5612492025884173</Ter>
               </Appuis>
          </Verif>
          <ConvOri>
               <KnownConv>eConvApero_DistM2C</KnownConv>
          </ConvOri>
     </OrientationConique>
</ExportAPERO>
