<?xml version="1.0" ?>
<ExportAPERO>
     <OrientationConique>
          <OrIntImaM2C>
               <I00>0 0</I00>
               <V10>1 0</V10>
               <V01>0 1</V01>
          </OrIntImaM2C>
          <TypeProj>eProjStenope</TypeProj>
          <ZoneUtileInPixel>true</ZoneUtileInPixel>
          <FileInterne>Ori-Basc/AutoCal_Foc-14000_Cam-DCGX9.xml</FileInterne>
          <RelativeNameFI>true</RelativeNameFI>
          <Externe>
               <AltiSol>2.81352590442362649</AltiSol>
               <Profondeur>70.3558224342860541</Profondeur>
               <Time>-1.00000000000000002e+30</Time>
               <KnownConv>eConvApero_DistM2C</KnownConv>
               <Centre>40.5402882785085623 -11.9349732530871915 60.6420693176851344</Centre>
               <IncCentre>1 1 1</IncCentre>
               <ParamRotation>
                    <CodageMatr>
                         <L1>0.0880589130373631984 -0.658300295617263886 0.747587017426667999</L1>
                         <L2>-0.995957196009671364 -0.0448163035367748416 0.0778509001479935348</L2>
                         <L3>-0.0177451838883485105 -0.751420135295510105 -0.659585391531108733</L3>
                    </CodageMatr>
               </ParamRotation>
          </Externe>
          <Verif>
               <Tol>0.00100000000000000002</Tol>
               <ShowMes>true</ShowMes>
               <Appuis>
                    <Num>0</Num>
                    <Im>203.554043769874255 362.149374246601724</Im>
                    <Ter>77.3443406857093123 10.8189144180204888 33.6760603316011498</Ter>
               </Appuis>
               <Appuis>
                    <Num>1</Num>
                    <Im>271.685864925392139 287.477306127551344</Im>
                    <Ter>80.9857590377812784 8.65686305074985363 35.2429512446322661</Ter>
               </Appuis>
               <Appuis>
                    <Num>2</Num>
                    <Im>393.497636318213154 120.565431743869055</Im>
                    <Ter>79.3541465973355855 1.22509450060147351 43.7705566229890479</Ter>
               </Appuis>
               <Appuis>
                    <Num>3</Num>
                    <Im>866.797780036925701 276.444173455238399</Im>
                    <Ter>121.72545164176401 -22.7095989268924043 12.5842371387791232</Ter>
               </Appuis>
               <Appuis>
                    <Num>4</Num>
                    <Im>972.900552749600934 281.474789500249187</Im>
                    <Ter>103.226087591561225 -27.0621616076567229 23.4387959402928701</Ter>
               </Appuis>
               <Appuis>
                    <Num>5</Num>
                    <Im>1264.96538257595239 316.434937834743835</Im>
                    <Ter>108.813902700216943 -49.3026038828749478 18.1679936699072968</Ter>
               </Appuis>
               <Appuis>
                    <Num>6</Num>
                    <Im>610.666611671447754 294.037801623344819</Im>
                    <Ter>71.8576745767574181 -7.7414849688191758 41.1171355058271715</Ter>
               </Appuis>
               <Appuis>
                    <Num>7</Num>
                    <Im>246.632472753989504 772.124796866880388</Im>
                    <Ter>78.3934990292851666 18.2579632574206201 0.256991074941623765</Ter>
               </Appuis>
               <Appuis>
                    <Num>8</Num>
                    <Im>1278.23134803767653 397.756172060966094</Im>
                    <Ter>114.754440421720005 -56.2643229871432311 6.85159058772013907</Ter>
               </Appuis>
               <Appuis>
                    <Num>9</Num>
                    <Im>649.916667938222758 247.263547182123972</Im>
                    <Ter>75.886525841633059 -8.71204998494253147 40.6371337512861928</Ter>
               </Appuis>
          </Verif>
          <ConvOri>
               <KnownConv>eConvApero_DistM2C</KnownConv>
          </ConvOri>
     </OrientationConique>
</ExportAPERO>
