<?xml version="1.0" ?>
<ExportAPERO>
     <OrientationConique>
          <OrIntImaM2C>
               <I00>0 0</I00>
               <V10>1 0</V10>
               <V01>0 1</V01>
          </OrIntImaM2C>
          <TypeProj>eProjStenope</TypeProj>
          <ZoneUtileInPixel>true</ZoneUtileInPixel>
          <FileInterne>Ori-Basc/AutoCal_Foc-14000_Cam-DCGX9.xml</FileInterne>
          <RelativeNameFI>true</RelativeNameFI>
          <Externe>
               <AltiSol>4.15741632676580775</AltiSol>
               <Profondeur>74.954415405631039</Profondeur>
               <Time>-1.00000000000000002e+30</Time>
               <KnownConv>eConvApero_DistM2C</KnownConv>
               <Centre>6.97948627080602435 16.6422154912489297 47.6527136529743913</Centre>
               <IncCentre>1 1 1</IncCentre>
               <ParamRotation>
                    <CodageMatr>
                         <L1>0.114193390857744298 -0.614911116073851849 0.780284684466650558</L1>
                         <L2>-0.993457982992354216 -0.0715123611976375972 0.0890349269932975695</L2>
                         <L3>0.00105143386556127267 -0.785347249008200632 -0.619054596107708188</L3>
                    </CodageMatr>
               </ParamRotation>
          </Externe>
          <Verif>
               <Tol>0.00100000000000000002</Tol>
               <ShowMes>true</ShowMes>
               <Appuis>
                    <Num>0</Num>
                    <Im>489.180323124052393 612.314747571756698</Im>
                    <Ter>80.5838385220868929 40.0745344554591156 -28.75831683709891</Ter>
               </Appuis>
               <Appuis>
                    <Num>1</Num>
                    <Im>578.800191879272802 98.2128480970886528</Im>
                    <Ter>93.3385204212808191 31.6802945286359154 17.3340319287229683</Ter>
               </Appuis>
               <Appuis>
                    <Num>2</Num>
                    <Im>824.011482238683243 810.535248756256351</Im>
                    <Ter>65.9184867225255573 7.17728330064974607 -35.1192702774943442</Ter>
               </Appuis>
               <Appuis>
                    <Num>3</Num>
                    <Im>500.434451580063637 279.506481528305073</Im>
                    <Ter>100.988120313978925 41.3909302316578191 -3.51846271632251728</Ter>
               </Appuis>
               <Appuis>
                    <Num>4</Num>
                    <Im>1033.74757575908802 137.937926531331385</Im>
                    <Ter>72.8457663123146091 0.626956180914625349 23.4102605968590645</Ter>
               </Appuis>
               <Appuis>
                    <Num>5</Num>
                    <Im>333.120201587678935 246.548185944558412</Im>
                    <Ter>50.7286122762173761 35.8405592685760439 25.0651358449194746</Ter>
               </Appuis>
               <Appuis>
                    <Num>6</Num>
                    <Im>625.610202312376941 953.847002504505667</Im>
                    <Ter>54.3037952047477006 23.4413069994974173 -42.0085976778707177</Ter>
               </Appuis>
               <Appuis>
                    <Num>7</Num>
                    <Im>605.014403343199888 27.2146212458909993</Im>
                    <Ter>52.6494113724265134 23.4147527502321893 34.5815408573008298</Ter>
               </Appuis>
               <Appuis>
                    <Num>8</Num>
                    <Im>330.466398239230841 771.015791416042248</Im>
                    <Ter>39.2655145252980162 36.2993265974580197 1.56485995219696861</Ter>
               </Appuis>
               <Appuis>
                    <Num>9</Num>
                    <Im>217.263275385108898 133.894737839846471</Im>
                    <Ter>61.0244467203157939 45.6980951637098798 26.0682355552217011</Ter>
               </Appuis>
          </Verif>
          <ConvOri>
               <KnownConv>eConvApero_DistM2C</KnownConv>
          </ConvOri>
     </OrientationConique>
</ExportAPERO>
