<?xml version="1.0" ?>
<ExportAPERO>
     <OrientationConique>
          <OrIntImaM2C>
               <I00>0 0</I00>
               <V10>1 0</V10>
               <V01>0 1</V01>
          </OrIntImaM2C>
          <TypeProj>eProjStenope</TypeProj>
          <ZoneUtileInPixel>true</ZoneUtileInPixel>
          <FileInterne>Ori-Basc/AutoCal_Foc-14000_Cam-DCGX9.xml</FileInterne>
          <RelativeNameFI>true</RelativeNameFI>
          <Externe>
               <AltiSol>2.4173694467242739</AltiSol>
               <Profondeur>79.0889316170531202</Profondeur>
               <Time>-1.00000000000000002e+30</Time>
               <KnownConv>eConvApero_DistM2C</KnownConv>
               <Centre>44.2621725089001288 68.7968235654494293 80.8519805885217266</Centre>
               <IncCentre>1 1 1</IncCentre>
               <ParamRotation>
                    <CodageMatr>
                         <L1>-0.993385937905568395 -0.0925710260824520875 0.0679336698663938199</L1>
                         <L2>-0.0953879886446538788 0.994657790065736402 -0.0394589949678523302</L2>
                         <L3>-0.0639179942880061663 -0.0456780668547563315 -0.996909225664308396</L3>
                    </CodageMatr>
               </ParamRotation>
          </Externe>
          <Verif>
               <Tol>0.00100000000000000002</Tol>
               <ShowMes>true</ShowMes>
               <Appuis>
                    <Num>0</Num>
                    <Im>116.809370041951752 636.807997941434451</Im>
                    <Ter>70.6559993084358382 76.3301217247933153 32.8959075731361992</Ter>
               </Appuis>
               <Appuis>
                    <Num>1</Num>
                    <Im>1034.72259521339288 86.3836931894662428</Im>
                    <Ter>18.3212230035578436 25.2943333069062106 -20.0646406895272662</Ter>
               </Appuis>
               <Appuis>
                    <Num>2</Num>
                    <Im>957.2334995269091 193.301411390348107</Im>
                    <Ter>32.8691900944919624 49.6772511145017504 22.088294564828395</Ter>
               </Appuis>
               <Appuis>
                    <Num>3</Num>
                    <Im>452.239120960243099 68.3745138645355297</Im>
                    <Ter>65.1296266809670499 38.8559334633309206 7.58282807245552704</Ter>
               </Appuis>
               <Appuis>
                    <Num>4</Num>
                    <Im>806.555605888087484 872.178849219658332</Im>
                    <Ter>31.0870156170040133 103.825922768210816 -35.865870942749325</Ter>
               </Appuis>
               <Appuis>
                    <Num>5</Num>
                    <Im>411.662800312956165 946.006504294511842</Im>
                    <Ter>67.6578771078105774 108.949768580597393 -17.1952490105202571</Ter>
               </Appuis>
               <Appuis>
                    <Num>6</Num>
                    <Im>619.864756107330322 122.42479884624575</Im>
                    <Ter>55.581717324888146 34.4300113465548563 -12.6483729360261776</Ter>
               </Appuis>
               <Appuis>
                    <Num>7</Num>
                    <Im>1255.93807125087369 232.169613361368562</Im>
                    <Ter>-5.17053602300740778 35.6285901668370997 -25.2116731426236385</Ter>
               </Appuis>
               <Appuis>
                    <Num>8</Num>
                    <Im>1110.48736953645243 386.251066088728635</Im>
                    <Ter>3.22962742420014592 49.6641900255135766 -38.0747512820359759</Ter>
               </Appuis>
               <Appuis>
                    <Num>9</Num>
                    <Im>468.252166271211365 111.70569947362327</Im>
                    <Ter>68.6103523429747781 34.9960333854285963 -11.0378701186741921</Ter>
               </Appuis>
          </Verif>
          <ConvOri>
               <KnownConv>eConvApero_DistM2C</KnownConv>
          </ConvOri>
     </OrientationConique>
</ExportAPERO>
