<?xml version="1.0" ?>
<ExportAPERO>
     <OrientationConique>
          <OrIntImaM2C>
               <I00>0 0</I00>
               <V10>1 0</V10>
               <V01>0 1</V01>
          </OrIntImaM2C>
          <TypeProj>eProjStenope</TypeProj>
          <ZoneUtileInPixel>true</ZoneUtileInPixel>
          <FileInterne>Ori-Basc/AutoCal_Foc-14000_Cam-DCGX9.xml</FileInterne>
          <RelativeNameFI>true</RelativeNameFI>
          <Externe>
               <AltiSol>1.80167884390912136</AltiSol>
               <Profondeur>55.1062717852079942</Profondeur>
               <Time>-1.00000000000000002e+30</Time>
               <KnownConv>eConvApero_DistM2C</KnownConv>
               <Centre>57.2206097707050461 81.0400254639457103 51.8178505583075122</Centre>
               <IncCentre>1 1 1</IncCentre>
               <ParamRotation>
                    <CodageMatr>
                         <L1>-0.0799239786394462942 0.746198467477561467 -0.660908469284953171</L1>
                         <L2>0.991766600739375281 0.126081243985354724 0.0224171713864636107</L2>
                         <L3>0.100055820901664483 -0.653675276455553345 -0.750131632218272726</L3>
                    </CodageMatr>
               </ParamRotation>
          </Externe>
          <Verif>
               <Tol>0.00100000000000000002</Tol>
               <ShowMes>true</ShowMes>
               <Appuis>
                    <Num>0</Num>
                    <Im>719.57911205279504 242.575128436299082</Im>
                    <Ter>5.94657347898226618 85.056387845398973 14.4235199980297963</Ter>
               </Appuis>
               <Appuis>
                    <Num>1</Num>
                    <Im>123.849862934226465 653.025305270562853</Im>
                    <Ter>38.7325946067323059 65.1678062807241361 18.535849989211485</Ter>
               </Appuis>
               <Appuis>
                    <Num>2</Num>
                    <Im>644.159171104428424 262.995440125478467</Im>
                    <Ter>-6.89292861918755051 80.9547644876738701 2.40929866777609192</Ter>
               </Appuis>
               <Appuis>
                    <Num>3</Num>
                    <Im>1104.22297382354304 716.694685935971506</Im>
                    <Ter>25.9412078567300881 108.962104755849737 1.55515129499467974</Ter>
               </Appuis>
               <Appuis>
                    <Num>4</Num>
                    <Im>209.339233875327324 543.133189201337018</Im>
                    <Ter>16.4206615600641399 55.6300309925429417 -6.06747257595232981</Ter>
               </Appuis>
               <Appuis>
                    <Num>5</Num>
                    <Im>337.382763862610489 310.069338083267269</Im>
                    <Ter>0.122902597837494909 60.3051783453936991 0.417398366680394872</Ter>
               </Appuis>
               <Appuis>
                    <Num>6</Num>
                    <Im>129.96954488783706 483.102663874574262</Im>
                    <Ter>10.1277856292519601 47.2752282233200134 -9.04903533812350958</Ter>
               </Appuis>
               <Appuis>
                    <Num>7</Num>
                    <Im>953.2498397827095 441.31085193157179</Im>
                    <Ter>31.5572247533230161 91.899763261300194 26.4714705624945807</Ter>
               </Appuis>
               <Appuis>
                    <Num>8</Num>
                    <Im>62.5670426507825894 579.057677506689174</Im>
                    <Ter>31.0336611293127476 57.3356740353042298 10.4923110218518687</Ter>
               </Appuis>
               <Appuis>
                    <Num>9</Num>
                    <Im>946.205165862995955 644.601162672015676</Im>
                    <Ter>41.0622480720021272 90.0562003311984824 28.4731613458342139</Ter>
               </Appuis>
          </Verif>
          <ConvOri>
               <KnownConv>eConvApero_DistM2C</KnownConv>
          </ConvOri>
     </OrientationConique>
</ExportAPERO>
