<?xml version="1.0" ?>
<ExportAPERO>
     <OrientationConique>
          <OrIntImaM2C>
               <I00>0 0</I00>
               <V10>1 0</V10>
               <V01>0 1</V01>
          </OrIntImaM2C>
          <TypeProj>eProjStenope</TypeProj>
          <ZoneUtileInPixel>true</ZoneUtileInPixel>
          <FileInterne>Ori-Basc/AutoCal_Foc-14000_Cam-DCGX9.xml</FileInterne>
          <RelativeNameFI>true</RelativeNameFI>
          <Externe>
               <AltiSol>4.47191836726175573</AltiSol>
               <Profondeur>69.3673208622474249</Profondeur>
               <Time>-1.00000000000000002e+30</Time>
               <KnownConv>eConvApero_DistM2C</KnownConv>
               <Centre>9.18871060020913788 -2.55812627716063989 44.7149322891695533</Centre>
               <IncCentre>1 1 1</IncCentre>
               <ParamRotation>
                    <CodageMatr>
                         <L1>0.0524918899411240814 -0.622059423618863683 0.781208470881733397</L1>
                         <L2>-0.997823720366335043 -0.0639324480901455328 0.0161389329104221595</L2>
                         <L3>0.0399051947081476704 -0.780355505887007972 -0.624061583393127006</L3>
                    </CodageMatr>
               </ParamRotation>
          </Externe>
          <Verif>
               <Tol>0.00100000000000000002</Tol>
               <ShowMes>true</ShowMes>
               <Appuis>
                    <Num>0</Num>
                    <Im>333.05087184906364 968.589845895758799</Im>
                    <Ter>48.9125578661582239 19.8201283850819152 -36.6114906135414913</Ter>
               </Appuis>
               <Appuis>
                    <Num>1</Num>
                    <Im>668.330878257751579 387.13901782035822</Im>
                    <Ter>69.7843308737378152 -2.67909005300484404 4.12519621347689736</Ter>
               </Appuis>
               <Appuis>
                    <Num>2</Num>
                    <Im>22.7963881194640692 192.991281509400949</Im>
                    <Ter>97.9232261477369264 56.0856717129952997 1.84208428296106774</Ter>
               </Appuis>
               <Appuis>
                    <Num>3</Num>
                    <Im>35.1537381112625269 634.068333864209762</Im>
                    <Ter>76.0980254830878806 54.7651885776791474 -32.1114367833675232</Ter>
               </Appuis>
               <Appuis>
                    <Num>4</Num>
                    <Im>599.423027515411377 387.503172755241337</Im>
                    <Ter>48.850885079620781 0.347133237986681387 17.9029598063826114</Ter>
               </Appuis>
               <Appuis>
                    <Num>5</Num>
                    <Im>59.6443017125304138 796.058562040314996</Im>
                    <Ter>65.6964977984407597 50.6640143207223375 -42.3178139558196165</Ter>
               </Appuis>
               <Appuis>
                    <Num>6</Num>
                    <Im>78.2115395673753255 448.913726806549221</Im>
                    <Ter>35.9522956863363703 16.0753428542926962 23.022112029428488</Ter>
               </Appuis>
               <Appuis>
                    <Num>7</Num>
                    <Im>1021.89377403251854 446.083827853199239</Im>
                    <Ter>48.5877364254020421 -18.4113609683936978 16.4030953320991699</Ter>
               </Appuis>
               <Appuis>
                    <Num>8</Num>
                    <Im>483.368752956391006 130.252464294435072</Im>
                    <Ter>89.5763217705134736 12.4854203431198059 13.1012569433492807</Ter>
               </Appuis>
               <Appuis>
                    <Num>9</Num>
                    <Im>758.61959552764381 512.10623860358919</Im>
                    <Ter>83.6710169427094286 -11.3888673878623479 -17.7859369324941952</Ter>
               </Appuis>
          </Verif>
          <ConvOri>
               <KnownConv>eConvApero_DistM2C</KnownConv>
          </ConvOri>
     </OrientationConique>
</ExportAPERO>
