<?xml version="1.0" ?>
<ExportAPERO>
     <OrientationConique>
          <OrIntImaM2C>
               <I00>0 0</I00>
               <V10>1 0</V10>
               <V01>0 1</V01>
          </OrIntImaM2C>
          <TypeProj>eProjStenope</TypeProj>
          <ZoneUtileInPixel>true</ZoneUtileInPixel>
          <FileInterne>Ori-Basc/AutoCal_Foc-14000_Cam-DCGX9.xml</FileInterne>
          <RelativeNameFI>true</RelativeNameFI>
          <Externe>
               <AltiSol>1.53196606728946727</AltiSol>
               <Profondeur>71.9720193216675881</Profondeur>
               <Time>-1.00000000000000002e+30</Time>
               <KnownConv>eConvApero_DistM2C</KnownConv>
               <Centre>24.323091020486018 34.7859863745378064 73.4975860737846034</Centre>
               <IncCentre>1 1 1</IncCentre>
               <ParamRotation>
                    <CodageMatr>
                         <L1>-0.035526917659164263 0.998801031968164943 0.0336799148004843923</L1>
                         <L2>0.99908697711911898 0.0362969165406210881 -0.0225332199346748481</L2>
                         <L3>-0.0237286803809272744 0.0328486284184303923 -0.999178621337750483</L3>
                    </CodageMatr>
               </ParamRotation>
          </Externe>
          <Verif>
               <Tol>0.00100000000000000002</Tol>
               <ShowMes>true</ShowMes>
               <Appuis>
                    <Num>0</Num>
                    <Im>221.379009246848369 361.151837110522479</Im>
                    <Ter>21.1786109270173419 12.9312415401534366 20.7844852724111604</Ter>
               </Appuis>
               <Appuis>
                    <Num>1</Num>
                    <Im>1152.33271408080691 217.290099620820513</Im>
                    <Ter>4.61894602627065964 73.5997088629495977 -16.4615087278562555</Ter>
               </Appuis>
               <Appuis>
                    <Num>2</Num>
                    <Im>1168.35101222953881 955.457267760864966</Im>
                    <Ter>43.2100909747779696 54.5760481799142951 32.8033153124652017</Ter>
               </Appuis>
               <Appuis>
                    <Num>3</Num>
                    <Im>122.33472812209034 341.378522515337863</Im>
                    <Ter>19.2175832970132632 0.113088497310947389 5.37713335223257616</Ter>
               </Appuis>
               <Appuis>
                    <Num>4</Num>
                    <Im>12.2597162425560864 249.231101989747145</Im>
                    <Ter>18.4165686099632957 11.6250178903212813 35.9431088710808666</Ter>
               </Appuis>
               <Appuis>
                    <Num>5</Num>
                    <Im>152.823871135927646 532.33159661286777</Im>
                    <Ter>30.3427182701377234 6.46068213425032667 14.0409543490645632</Ter>
               </Appuis>
               <Appuis>
                    <Num>6</Num>
                    <Im>918.52518081664698 916.354310274119143</Im>
                    <Ter>41.5956930225198178 44.7181016419688291 33.6143405373901842</Ter>
               </Appuis>
               <Appuis>
                    <Num>7</Num>
                    <Im>963.070793151814996 611.008413076379952</Im>
                    <Ter>32.5723452976747367 50.4286975515773577 16.5375335392304024</Ter>
               </Appuis>
               <Appuis>
                    <Num>8</Num>
                    <Im>713.718953132616207 30.7549713850455362</Im>
                    <Ter>0.90122206367056279 36.5048127279211911 10.6414090257817548</Ter>
               </Appuis>
               <Appuis>
                    <Num>9</Num>
                    <Im>1008.47586250304619 864.119991302483868</Im>
                    <Ter>39.3750157329343153 47.8444155778046536 33.9302329616591578</Ter>
               </Appuis>
          </Verif>
          <ConvOri>
               <KnownConv>eConvApero_DistM2C</KnownConv>
          </ConvOri>
     </OrientationConique>
</ExportAPERO>
