<?xml version="1.0" ?>
<ExportAPERO>
     <OrientationConique>
          <OrIntImaM2C>
               <I00>0 0</I00>
               <V10>1 0</V10>
               <V01>0 1</V01>
          </OrIntImaM2C>
          <TypeProj>eProjStenope</TypeProj>
          <ZoneUtileInPixel>true</ZoneUtileInPixel>
          <FileInterne>Ori-Basc/AutoCal_Foc-14000_Cam-DCGX9.xml</FileInterne>
          <RelativeNameFI>true</RelativeNameFI>
          <Externe>
               <AltiSol>3.85152409621056746</AltiSol>
               <Profondeur>79.9259156466795275</Profondeur>
               <Time>-1.00000000000000002e+30</Time>
               <KnownConv>eConvApero_DistM2C</KnownConv>
               <Centre>142.301713263938524 39.921309177147478 61.2529146208538151</Centre>
               <IncCentre>1 1 1</IncCentre>
               <ParamRotation>
                    <CodageMatr>
                         <L1>-0.0266458211166658646 0.738345017152170269 -0.673896606211650373</L1>
                         <L2>0.999462540808414901 0.0325545938656265216 -0.00385070630297316887</L2>
                         <L3>0.0190952805113276253 -0.673637019517785651 -0.738815630720810024</L3>
                    </CodageMatr>
               </ParamRotation>
          </Externe>
          <Verif>
               <Tol>0.00100000000000000002</Tol>
               <ShowMes>true</ShowMes>
               <Appuis>
                    <Num>0</Num>
                    <Im>254.874909639378899 248.346162915239603</Im>
                    <Ter>50.7314911012594081 -0.938523530786241622 -6.23469550396006866</Ter>
               </Appuis>
               <Appuis>
                    <Num>1</Num>
                    <Im>1263.59130191797749 587.073836803421727</Im>
                    <Ter>112.278720746289309 68.0833080838056617 22.3027948070445277</Ter>
               </Appuis>
               <Appuis>
                    <Num>2</Num>
                    <Im>1278.75508689869957 171.35869395736205</Im>
                    <Ter>54.2142820929985731 96.5770000686691219 8.75648030044052916</Ter>
               </Appuis>
               <Appuis>
                    <Num>3</Num>
                    <Im>1270.22301006312136 549.132838010776936</Im>
                    <Ter>113.636069281309844 65.9320316930529202 26.6520504135327911</Ter>
               </Appuis>
               <Appuis>
                    <Num>4</Num>
                    <Im>638.18055295943293 853.9689009188412</Im>
                    <Ter>112.902774847621231 40.1540482550024223 -6.90788484908847522</Ter>
               </Appuis>
               <Appuis>
                    <Num>5</Num>
                    <Im>584.95663404464733 424.894593358039856</Im>
                    <Ter>68.4058069453831905 33.8640742649819941 -12.538775416483233</Ter>
               </Appuis>
               <Appuis>
                    <Num>6</Num>
                    <Im>726.790254592894598 124.782840371134412</Im>
                    <Ter>70.3524816928860162 44.8366053914438183 20.3372885672048582</Ter>
               </Appuis>
               <Appuis>
                    <Num>7</Num>
                    <Im>554.086631298066663 277.137084603314747</Im>
                    <Ter>63.5611707255157512 31.0838689194829172 1.02270813230154545</Ter>
               </Appuis>
               <Appuis>
                    <Num>8</Num>
                    <Im>44.7409957051435043 46.4454004615646099</Im>
                    <Ter>44.455567225416118 -18.5628551358984808 11.9411740930649728</Ter>
               </Appuis>
               <Appuis>
                    <Num>9</Num>
                    <Im>242.163350343921309 93.5089749993815076</Im>
                    <Ter>95.0177143831853357 20.3283547875785509 35.2799800430388331</Ter>
               </Appuis>
          </Verif>
          <ConvOri>
               <KnownConv>eConvApero_DistM2C</KnownConv>
          </ConvOri>
     </OrientationConique>
</ExportAPERO>
