<?xml version="1.0" ?>
<ExportAPERO>
     <OrientationConique>
          <OrIntImaM2C>
               <I00>0 0</I00>
               <V10>1 0</V10>
               <V01>0 1</V01>
          </OrIntImaM2C>
          <TypeProj>eProjStenope</TypeProj>
          <ZoneUtileInPixel>true</ZoneUtileInPixel>
          <FileInterne>Ori-Basc/AutoCal_Foc-14000_Cam-DCGX9.xml</FileInterne>
          <RelativeNameFI>true</RelativeNameFI>
          <Externe>
               <AltiSol>2.3849635477148321</AltiSol>
               <Profondeur>88.3927081436422668</Profondeur>
               <Time>-1.00000000000000002e+30</Time>
               <KnownConv>eConvApero_DistM2C</KnownConv>
               <Centre>101.506622911796867 59.5108597349439918 91.9520581580153902</Centre>
               <IncCentre>1 1 1</IncCentre>
               <ParamRotation>
                    <CodageMatr>
                         <L1>-0.996345373148808 -0.061981714039358822 0.0587721407616373856</L1>
                         <L2>-0.0632618993386140915 0.997792997268455495 -0.0201758938860985768</L2>
                         <L3>-0.0573918940011011181 -0.0238201957753331993 -0.998067517143099492</L3>
                    </CodageMatr>
               </ParamRotation>
          </Externe>
          <Verif>
               <Tol>0.00100000000000000002</Tol>
               <ShowMes>true</ShowMes>
               <Appuis>
                    <Num>0</Num>
                    <Im>1168.58507251737342 78.5344177186604497</Im>
                    <Ter>59.7782816347662234 16.2046198755558208 -13.0031611136862182</Ter>
               </Appuis>
               <Appuis>
                    <Num>1</Num>
                    <Im>757.992344855807801 240.972727954973635</Im>
                    <Ter>98.0630237919968408 33.8076420619753861 -13.933216211937463</Ter>
               </Appuis>
               <Appuis>
                    <Num>2</Num>
                    <Im>415.097538471225619 715.629711627954862</Im>
                    <Ter>119.622331088628755 74.5657368550148618 20.8814965759332551</Ter>
               </Appuis>
               <Appuis>
                    <Num>3</Num>
                    <Im>866.945554730342451 538.084844826478957</Im>
                    <Ter>92.7514385106439931 60.7847030490160734 32.3212726906402565</Ter>
               </Appuis>
               <Appuis>
                    <Num>4</Num>
                    <Im>551.505517959669646 211.407089889361458</Im>
                    <Ter>120.248854059479854 28.7323384792385603 -26.1309494175217054</Ter>
               </Appuis>
               <Appuis>
                    <Num>5</Num>
                    <Im>1112.57351875170934 280.153449654919712</Im>
                    <Ter>57.1830529076984817 31.4237172623121666 -32.9620991033004316</Ter>
               </Appuis>
               <Appuis>
                    <Num>6</Num>
                    <Im>1048.92163467386536 504.321532487831576</Im>
                    <Ter>60.7212586138856594 56.9903179670157343 -40.3672334054515574</Ter>
               </Appuis>
               <Appuis>
                    <Num>7</Num>
                    <Im>1032.90997981805208 771.014227150067654</Im>
                    <Ter>76.5290397364201453 77.4185656325766445 11.1166196791601521</Ter>
               </Appuis>
               <Appuis>
                    <Num>8</Num>
                    <Im>20.0141424988753087 958.29264163921448</Im>
                    <Ter>134.102509931769418 84.4012826145481938 39.7428129944509791</Ter>
               </Appuis>
               <Appuis>
                    <Num>9</Num>
                    <Im>821.1353216168269 865.44138908325283</Im>
                    <Ter>94.3323441701311936 77.890475256898668 34.5469423587498099</Ter>
               </Appuis>
          </Verif>
          <ConvOri>
               <KnownConv>eConvApero_DistM2C</KnownConv>
          </ConvOri>
     </OrientationConique>
</ExportAPERO>
