<?xml version="1.0" ?>
<ExportAPERO>
     <OrientationConique>
          <OrIntImaM2C>
               <I00>0 0</I00>
               <V10>1 0</V10>
               <V01>0 1</V01>
          </OrIntImaM2C>
          <TypeProj>eProjStenope</TypeProj>
          <ZoneUtileInPixel>true</ZoneUtileInPixel>
          <FileInterne>Ori-Basc/AutoCal_Foc-14000_Cam-DCGX9.xml</FileInterne>
          <RelativeNameFI>true</RelativeNameFI>
          <Externe>
               <AltiSol>3.43416674154283763</AltiSol>
               <Profondeur>55.5392131637436322</Profondeur>
               <Time>-1.00000000000000002e+30</Time>
               <KnownConv>eConvApero_DistM2C</KnownConv>
               <Centre>118.206668732295185 -9.90796672982337867 59.6109102041686612</Centre>
               <IncCentre>1 1 1</IncCentre>
               <ParamRotation>
                    <CodageMatr>
                         <L1>0.994139544274678322 0.105086194754469259 0.0253664775118786108</L1>
                         <L2>0.10645351524228848 -0.992476948020875605 -0.0604744304622054779</L2>
                         <L3>0.0188206164058125243 0.0628203734404216146 -0.997847375643645895</L3>
                    </CodageMatr>
               </ParamRotation>
          </Externe>
          <Verif>
               <Tol>0.00100000000000000002</Tol>
               <ShowMes>true</ShowMes>
               <Appuis>
                    <Num>0</Num>
                    <Im>325.72188806533859 329.451499700546435</Im>
                    <Ter>100.95325039746885 -7.21096135548569528 -3.48159823868225971</Ter>
               </Appuis>
               <Appuis>
                    <Num>1</Num>
                    <Im>1180.89718437171427 906.579396486081919</Im>
                    <Ter>146.792025506720904 -30.3075816733581576 11.0238210173355071</Ter>
               </Appuis>
               <Appuis>
                    <Num>2</Num>
                    <Im>194.740631103520883 879.651455640786253</Im>
                    <Ter>103.447210160914423 -30.067712158937649 17.8258154107795974</Ter>
               </Appuis>
               <Appuis>
                    <Num>3</Num>
                    <Im>465.934969425804695 219.217113913009968</Im>
                    <Ter>109.498047033379351 -1.372804441601291 4.25283267689631117</Ter>
               </Appuis>
               <Appuis>
                    <Num>4</Num>
                    <Im>1110.86742782592455 683.498506307600223</Im>
                    <Ter>139.434858154951058 -18.9840253114138804 15.9314767637346577</Ter>
               </Appuis>
               <Appuis>
                    <Num>5</Num>
                    <Im>183.783114194934342 375.693527698521962</Im>
                    <Ter>96.4732253377017344 -10.5801510029559314 5.02426513461146129</Ter>
               </Appuis>
               <Appuis>
                    <Num>6</Num>
                    <Im>883.392036434255033 503.599537610080233</Im>
                    <Ter>137.218747777813064 -14.5646487547184744 -17.0260343213486465</Ter>
               </Appuis>
               <Appuis>
                    <Num>7</Num>
                    <Im>652.729640007014723 30.4605384618347657</Im>
                    <Ter>117.693809895310068 11.0898748083296255 -2.26380678558027171</Ter>
               </Appuis>
               <Appuis>
                    <Num>8</Num>
                    <Im>558.148349761976306 855.807374954092438</Im>
                    <Ter>117.078012937132982 -40.5520655472280822 -12.9215672530840493</Ter>
               </Appuis>
               <Appuis>
                    <Num>9</Num>
                    <Im>1063.86866283312156 171.593058407835116</Im>
                    <Ter>134.202889618933284 1.01319649505869513 17.3459601257165446</Ter>
               </Appuis>
          </Verif>
          <ConvOri>
               <KnownConv>eConvApero_DistM2C</KnownConv>
          </ConvOri>
     </OrientationConique>
</ExportAPERO>
