<?xml version="1.0" ?>
<ExportAPERO>
     <OrientationConique>
          <OrIntImaM2C>
               <I00>0 0</I00>
               <V10>1 0</V10>
               <V01>0 1</V01>
          </OrIntImaM2C>
          <TypeProj>eProjStenope</TypeProj>
          <ZoneUtileInPixel>true</ZoneUtileInPixel>
          <FileInterne>Ori-Basc/AutoCal_Foc-14000_Cam-DCGX9.xml</FileInterne>
          <RelativeNameFI>true</RelativeNameFI>
          <Externe>
               <AltiSol>3.12401590324415723</AltiSol>
               <Profondeur>71.4427624918569961</Profondeur>
               <Time>-1.00000000000000002e+30</Time>
               <KnownConv>eConvApero_DistM2C</KnownConv>
               <Centre>40.2833745602950799 9.51248554406386582 62.3906846125469485</Centre>
               <IncCentre>1 1 1</IncCentre>
               <ParamRotation>
                    <CodageMatr>
                         <L1>0.10821076527943424 -0.684946371814358468 0.720512940908062949</L1>
                         <L2>-0.993360590305728097 -0.0460269444903782868 0.105433666389513403</L2>
                         <L3>-0.039053398124808042 -0.727138218029575345 -0.685379343120055773</L3>
                    </CodageMatr>
               </ParamRotation>
          </Externe>
          <Verif>
               <Tol>0.00100000000000000002</Tol>
               <ShowMes>true</ShowMes>
               <Appuis>
                    <Num>0</Num>
                    <Im>1183.08607292173701 139.339058339602758</Im>
                    <Ter>114.490129630401668 -18.8296166297102872 26.5761563426721281</Ter>
               </Appuis>
               <Appuis>
                    <Num>1</Num>
                    <Im>333.541355609909147 691.201928615554152</Im>
                    <Ter>61.7806293078617728 24.1111656973191408 30.8253022183507746</Ter>
               </Appuis>
               <Appuis>
                    <Num>2</Num>
                    <Im>289.587093114975971 74.2076047362245674</Im>
                    <Ter>107.580271673157739 41.3652107381266916 33.4998353081719813</Ter>
               </Appuis>
               <Appuis>
                    <Num>3</Num>
                    <Im>1168.30937575926555 492.994636773531624</Im>
                    <Ter>89.3283436279114795 -14.7371081279644809 16.461857841594437</Ter>
               </Appuis>
               <Appuis>
                    <Num>4</Num>
                    <Im>174.356123685859927 945.802049159971489</Im>
                    <Ter>58.0726993516667775 33.9685877646577978 15.7652737582227971</Ter>
               </Appuis>
               <Appuis>
                    <Num>5</Num>
                    <Im>715.359306335079395 656.673980712086404</Im>
                    <Ter>78.4677619213946116 11.5090491506516219 12.4086887808638977</Ter>
               </Appuis>
               <Appuis>
                    <Num>6</Num>
                    <Im>596.246335029602278 428.151594400405543</Im>
                    <Ter>106.405050456389972 22.7569363556180022 4.79739659904969784</Ter>
               </Appuis>
               <Appuis>
                    <Num>7</Num>
                    <Im>402.533831119620345 823.200111865825534</Im>
                    <Ter>83.9186936190480139 37.702841431707995 -20.2027437982010412</Ter>
               </Appuis>
               <Appuis>
                    <Num>8</Num>
                    <Im>469.431467056316706 839.082203149661154</Im>
                    <Ter>90.8595437448505834 35.8520466059664429 -35.351498132483016</Ter>
               </Appuis>
               <Appuis>
                    <Num>9</Num>
                    <Im>479.021450042724723 425.132158756255876</Im>
                    <Ter>114.03681907861457 35.0900401099570374 -2.07612584662962263</Ter>
               </Appuis>
          </Verif>
          <ConvOri>
               <KnownConv>eConvApero_DistM2C</KnownConv>
          </ConvOri>
     </OrientationConique>
</ExportAPERO>
