<?xml version="1.0" ?>
<ExportAPERO>
     <OrientationConique>
          <OrIntImaM2C>
               <I00>0 0</I00>
               <V10>1 0</V10>
               <V01>0 1</V01>
          </OrIntImaM2C>
          <TypeProj>eProjStenope</TypeProj>
          <ZoneUtileInPixel>true</ZoneUtileInPixel>
          <FileInterne>Ori-Basc/AutoCal_Foc-14000_Cam-DCGX9.xml</FileInterne>
          <RelativeNameFI>true</RelativeNameFI>
          <Externe>
               <AltiSol>2.92835341181811337</AltiSol>
               <Profondeur>69.6372086084624584</Profondeur>
               <Time>-1.00000000000000002e+30</Time>
               <KnownConv>eConvApero_DistM2C</KnownConv>
               <Centre>41.1341692932263143 -32.689972686492041 59.7573309125694294</Centre>
               <IncCentre>1 1 1</IncCentre>
               <ParamRotation>
                    <CodageMatr>
                         <L1>0.0153264495984525018 -0.647414811380757516 0.761983701891007947</L1>
                         <L2>-0.999855572668065351 -0.00432617583734160992 0.016435267178834978</L2>
                         <L3>-0.00734395992100880888 -0.762125544912019559 -0.647387611902819793</L3>
                    </CodageMatr>
               </ParamRotation>
          </Externe>
          <Verif>
               <Tol>0.00100000000000000002</Tol>
               <ShowMes>true</ShowMes>
               <Appuis>
                    <Num>0</Num>
                    <Im>1001.44586563109499 891.44942665099029</Im>
                    <Ter>64.2059812396400247 -46.7967792750158011 17.8968314948993594</Ter>
               </Appuis>
               <Appuis>
                    <Num>1</Num>
                    <Im>1086.52840232730819 212.345735371587409</Im>
                    <Ter>79.8546751216827886 -49.0523215815825608 40.3554643319399773</Ter>
               </Appuis>
               <Appuis>
                    <Num>2</Num>
                    <Im>288.168826818541163 106.794525146558172</Im>
                    <Ter>118.481120343742873 -5.53402391633830604 29.2459822874911168</Ter>
               </Appuis>
               <Appuis>
                    <Num>3</Num>
                    <Im>906.599925040771041 813.80346035902005</Im>
                    <Ter>99.0140981588382658 -55.9955609621464561 -30.7958199529355738</Ter>
               </Appuis>
               <Appuis>
                    <Num>4</Num>
                    <Im>1256.20218086225304 63.2113843561076791</Im>
                    <Ter>107.878552714087931 -68.9081884183582076 36.326551533804377</Ter>
               </Appuis>
               <Appuis>
                    <Num>5</Num>
                    <Im>850.967657087904058 918.096147534584588</Im>
                    <Ter>86.8758720960090045 -48.8778530868075762 -27.6042143477824737</Ter>
               </Appuis>
               <Appuis>
                    <Num>6</Num>
                    <Im>1136.54492282693104 354.595947504227468</Im>
                    <Ter>106.73624566210384 -66.8283355976228961 15.8031108135893632</Ter>
               </Appuis>
               <Appuis>
                    <Num>7</Num>
                    <Im>1212.92621040339759 711.732434034324569</Im>
                    <Ter>76.3149406732009936 -61.4292911615545876 14.0685876171316195</Ter>
               </Appuis>
               <Appuis>
                    <Num>8</Num>
                    <Im>777.419966696612278 955.369611021612513</Im>
                    <Ter>58.4188442873267704 -36.6635101251681021 24.1977062227571196</Ter>
               </Appuis>
               <Appuis>
                    <Num>9</Num>
                    <Im>592.774711132060133 923.977259873507364</Im>
                    <Ter>62.1583547231488041 -30.126146761617921 19.0130861427801108</Ter>
               </Appuis>
          </Verif>
          <ConvOri>
               <KnownConv>eConvApero_DistM2C</KnownConv>
          </ConvOri>
     </OrientationConique>
</ExportAPERO>
