<?xml version="1.0" ?>
<ExportAPERO>
     <OrientationConique>
          <OrIntImaM2C>
               <I00>0 0</I00>
               <V10>1 0</V10>
               <V01>0 1</V01>
          </OrIntImaM2C>
          <TypeProj>eProjStenope</TypeProj>
          <ZoneUtileInPixel>true</ZoneUtileInPixel>
          <FileInterne>Ori-Basc/AutoCal_Foc-14000_Cam-DCGX9.xml</FileInterne>
          <RelativeNameFI>true</RelativeNameFI>
          <Externe>
               <AltiSol>1.01269451003702216</AltiSol>
               <Profondeur>69.1677504167680581</Profondeur>
               <Time>-1.00000000000000002e+30</Time>
               <KnownConv>eConvApero_DistM2C</KnownConv>
               <Centre>66.2241298792525868 -15.0165992240512729 62.5994548952516112</Centre>
               <IncCentre>1 1 1</IncCentre>
               <ParamRotation>
                    <CodageMatr>
                         <L1>-0.0848476913480299688 0.772640211923669717 -0.629148608987937119</L1>
                         <L2>0.994698076279687537 0.102506044020679615 -0.00826123384970058397</L2>
                         <L3>0.0581085735360831745 -0.626513857674175667 -0.777241133641178528</L3>
                    </CodageMatr>
               </ParamRotation>
          </Externe>
          <Verif>
               <Tol>0.00100000000000000002</Tol>
               <ShowMes>true</ShowMes>
               <Appuis>
                    <Num>0</Num>
                    <Im>342.159331798554888 598.877485513685997</Im>
                    <Ter>47.2029245847641761 -24.8881816737090062 31.0764508675233309</Ter>
               </Appuis>
               <Appuis>
                    <Num>1</Num>
                    <Im>1110.45608425023465 529.832945108155059</Im>
                    <Ter>35.1363669871271327 6.01532013016203493 23.906234506119354</Ter>
               </Appuis>
               <Appuis>
                    <Num>2</Num>
                    <Im>327.334818363591808 841.507102488820806</Im>
                    <Ter>53.8840625840246972 -24.3789342224629451 26.7740377251097428</Ter>
               </Appuis>
               <Appuis>
                    <Num>3</Num>
                    <Im>1248.39283275598859 644.283269405344754</Im>
                    <Ter>25.2166576112628604 26.7501017936202778 0.634500228691337043</Ter>
               </Appuis>
               <Appuis>
                    <Num>4</Num>
                    <Im>223.920282125549107 205.347086548846335</Im>
                    <Ter>28.9153142581141864 -34.6723530932268034 32.2173867766048545</Ter>
               </Appuis>
               <Appuis>
                    <Num>5</Num>
                    <Im>1206.1929216384724 204.89707088470945</Im>
                    <Ter>15.2680966685857697 13.4646266270845878 28.0438569108448732</Ter>
               </Appuis>
               <Appuis>
                    <Num>6</Num>
                    <Im>1094.39707660672616 853.657032966591601</Im>
                    <Ter>42.0838960565960178 12.1314928335049466 3.24849856517148083</Ter>
               </Appuis>
               <Appuis>
                    <Num>7</Num>
                    <Im>305.306636095048077 454.908566951751595</Im>
                    <Ter>44.73639330757522 -26.0159984268664068 35.4623687725708265</Ter>
               </Appuis>
               <Appuis>
                    <Num>8</Num>
                    <Im>1054.72339439283905 677.976073979711714</Im>
                    <Ter>44.799557872389471 1.01302486367697853 26.6407102342558133</Ter>
               </Appuis>
               <Appuis>
                    <Num>9</Num>
                    <Im>509.339634418495905 284.139861345303586</Im>
                    <Ter>26.6044561950597043 -22.7417852473674067 27.2595342216925189</Ter>
               </Appuis>
          </Verif>
          <ConvOri>
               <KnownConv>eConvApero_DistM2C</KnownConv>
          </ConvOri>
     </OrientationConique>
</ExportAPERO>
