<?xml version="1.0" ?>
<ExportAPERO>
     <OrientationConique>
          <OrIntImaM2C>
               <I00>0 0</I00>
               <V10>1 0</V10>
               <V01>0 1</V01>
          </OrIntImaM2C>
          <TypeProj>eProjStenope</TypeProj>
          <ZoneUtileInPixel>true</ZoneUtileInPixel>
          <FileInterne>Ori-Basc/AutoCal_Foc-14000_Cam-DCGX9.xml</FileInterne>
          <RelativeNameFI>true</RelativeNameFI>
          <Externe>
               <AltiSol>3.63593611695114571</AltiSol>
               <Profondeur>57.4643604791324449</Profondeur>
               <Time>-1.00000000000000002e+30</Time>
               <KnownConv>eConvApero_DistM2C</KnownConv>
               <Centre>105.691433362932685 89.9501358714291257 38.8942848014089151</Centre>
               <IncCentre>1 1 1</IncCentre>
               <ParamRotation>
                    <CodageMatr>
                         <L1>-0.00891420140091280996 0.671343641400082625 -0.741092607010123472</L1>
                         <L2>0.998393075110045491 0.0474520625533720389 0.0309769161108418394</L2>
                         <L3>0.0559625284068833856 -0.739625592385166342 -0.670687839835493627</L3>
                    </CodageMatr>
               </ParamRotation>
          </Externe>
          <Verif>
               <Tol>0.00100000000000000002</Tol>
               <ShowMes>true</ShowMes>
               <Appuis>
                    <Num>0</Num>
                    <Im>1286.38081741324572 586.609655857063103</Im>
                    <Ter>73.153069963562146 120.346288239231555 4.70907357148698935</Ter>
               </Appuis>
               <Appuis>
                    <Num>1</Num>
                    <Im>237.900421143437143 802.54127883814067</Im>
                    <Ter>68.415661543573961 67.2523403643669866 -24.51410659793045</Ter>
               </Appuis>
               <Appuis>
                    <Num>2</Num>
                    <Im>790.563726425087225 339.126068830536269</Im>
                    <Ter>73.8837561111043044 96.0765944404918599 16.9959328353218808</Ter>
               </Appuis>
               <Appuis>
                    <Num>3</Num>
                    <Im>457.008195877077014 415.63800144195568</Im>
                    <Ter>54.3290849318194944 80.6657010378598045 -3.24907444231966025</Ter>
               </Appuis>
               <Appuis>
                    <Num>4</Num>
                    <Im>552.832438945770832 298.058540225029446</Im>
                    <Ter>80.7395014676013147 88.2312086740898422 22.6353356601066658</Ter>
               </Appuis>
               <Appuis>
                    <Num>5</Num>
                    <Im>320.142562866211676 509.511182069778329</Im>
                    <Ter>47.7621612404760185 68.8609997839713373 -18.1857806670061066</Ter>
               </Appuis>
               <Appuis>
                    <Num>6</Num>
                    <Im>1198.07867717733643 809.278970718321375</Im>
                    <Ter>86.9295932684181025 109.523134426672385 8.56867517271474455</Ter>
               </Appuis>
               <Appuis>
                    <Num>7</Num>
                    <Im>477.909277439637037 213.584096790238362</Im>
                    <Ter>29.7054280881260695 78.9445703953311408 -3.30513840500426426</Ter>
               </Appuis>
               <Appuis>
                    <Num>8</Num>
                    <Im>973.14311027525423 381.962954163553377</Im>
                    <Ter>75.2101559333009391 102.43449745656369 16.5351950306667987</Ter>
               </Appuis>
               <Appuis>
                    <Num>9</Num>
                    <Im>1076.82641029316892 481.095278263040029</Im>
                    <Ter>58.9690848278948394 116.980394696992008 -2.0460445462652217</Ter>
               </Appuis>
          </Verif>
          <ConvOri>
               <KnownConv>eConvApero_DistM2C</KnownConv>
          </ConvOri>
     </OrientationConique>
</ExportAPERO>
