<?xml version="1.0" ?>
<ExportAPERO>
     <OrientationConique>
          <OrIntImaM2C>
               <I00>0 0</I00>
               <V10>1 0</V10>
               <V01>0 1</V01>
          </OrIntImaM2C>
          <TypeProj>eProjStenope</TypeProj>
          <ZoneUtileInPixel>true</ZoneUtileInPixel>
          <FileInterne>Ori-Basc/AutoCal_Foc-14000_Cam-DCGX9.xml</FileInterne>
          <RelativeNameFI>true</RelativeNameFI>
          <Externe>
               <AltiSol>2.22968180180250375</AltiSol>
               <Profondeur>58.1480979015861124</Profondeur>
               <Time>-1.00000000000000002e+30</Time>
               <KnownConv>eConvApero_DistM2C</KnownConv>
               <Centre>107.906456175950737 -35.4444248987985873 43.1354084044792714</Centre>
               <IncCentre>1 1 1</IncCentre>
               <ParamRotation>
                    <CodageMatr>
                         <L1>-0.0114803468638442572 0.64194885787307876 -0.766661506475534216</L1>
                         <L2>0.997852237478522808 0.0568043678217204362 0.0326217098797789706</L2>
                         <L3>0.0644911916077815922 -0.76464039108055526 -0.641222238021408542</L3>
                    </CodageMatr>
               </ParamRotation>
          </Externe>
          <Verif>
               <Tol>0.00100000000000000002</Tol>
               <ShowMes>true</ShowMes>
               <Appuis>
                    <Num>0</Num>
                    <Im>353.730947971344392 570.419056892394678</Im>
                    <Ter>56.0431844343210628 -51.958310919531371 -9.70906329283534575</Ter>
               </Appuis>
               <Appuis>
                    <Num>1</Num>
                    <Im>574.060432434081804 504.861898899078312</Im>
                    <Ter>57.4959962769171185 -37.3547662508892557 -1.46538882665247172</Ter>
               </Appuis>
               <Appuis>
                    <Num>2</Num>
                    <Im>622.579314708709603 727.387591123580023</Im>
                    <Ter>56.9473566257348054 -33.211814598246221 -23.9559099523126164</Ter>
               </Appuis>
               <Appuis>
                    <Num>3</Num>
                    <Im>592.637017250079793 650.002683162463086</Im>
                    <Ter>88.3313203434796606 -35.565139661061103 20.6640368674354882</Ter>
               </Appuis>
               <Appuis>
                    <Num>4</Num>
                    <Im>634.892237664046775 458.252819182961844</Im>
                    <Ter>54.4324306647453682 -33.7715268089958016 -0.00998737804759031178</Ter>
               </Appuis>
               <Appuis>
                    <Num>5</Num>
                    <Im>108.046129704098973 278.968867063661833</Im>
                    <Ter>61.8408611463616396 -60.0213027792053992 15.1667709591436441</Ter>
               </Appuis>
               <Appuis>
                    <Num>6</Num>
                    <Im>1080.04130172726468 885.039129495590487</Im>
                    <Ter>71.984437951120924 -4.22888732917258636 -18.3242969355614278</Ter>
               </Appuis>
               <Appuis>
                    <Num>7</Num>
                    <Im>569.355164051102861 921.921990393780789</Im>
                    <Ter>88.4812169214305158 -35.8809883391377866 6.16744276902649347</Ter>
               </Appuis>
               <Appuis>
                    <Num>8</Num>
                    <Im>42.3609917163888596 629.908086061475842</Im>
                    <Ter>70.1592874196181242 -64.3268501259044996 -1.09977398365440138</Ter>
               </Appuis>
               <Appuis>
                    <Num>9</Num>
                    <Im>625.557751178613785 967.448686120504362</Im>
                    <Ter>78.3643441931118048 -32.7942315628357193 -18.0924836779504759</Ter>
               </Appuis>
          </Verif>
          <ConvOri>
               <KnownConv>eConvApero_DistM2C</KnownConv>
          </ConvOri>
     </OrientationConique>
</ExportAPERO>
