<?xml version="1.0" ?>
<ExportAPERO>
     <OrientationConique>
          <OrIntImaM2C>
               <I00>0 0</I00>
               <V10>1 0</V10>
               <V01>0 1</V01>
          </OrIntImaM2C>
          <TypeProj>eProjStenope</TypeProj>
          <ZoneUtileInPixel>true</ZoneUtileInPixel>
          <FileInterne>Ori-Basc/AutoCal_Foc-14000_Cam-DCGX9.xml</FileInterne>
          <RelativeNameFI>true</RelativeNameFI>
          <Externe>
               <AltiSol>2.44124712633000973</AltiSol>
               <Profondeur>67.3051619439479651</Profondeur>
               <Time>-1.00000000000000002e+30</Time>
               <KnownConv>eConvApero_DistM2C</KnownConv>
               <Centre>82.8575504787389576 26.1327174451652873 69.925033920869538</Centre>
               <IncCentre>1 1 1</IncCentre>
               <ParamRotation>
                    <CodageMatr>
                         <L1>-0.0705193670442299803 0.997426882025768236 -0.0129086747590695921</L1>
                         <L2>0.996947060354362313 0.0700387801873050692 -0.0345127240401273683</L2>
                         <L3>-0.0335198108956001259 -0.0153030808084069474 -0.999320888401365681</L3>
                    </CodageMatr>
               </ParamRotation>
          </Externe>
          <Verif>
               <Tol>0.00100000000000000002</Tol>
               <ShowMes>true</ShowMes>
               <Appuis>
                    <Num>0</Num>
                    <Im>1049.6391878122547 207.526352942240521</Im>
                    <Ter>58.369715032943347 53.545329342418178 -16.045512662720796</Ter>
               </Appuis>
               <Appuis>
                    <Num>1</Num>
                    <Im>251.189734697545049 725.546741723827949</Im>
                    <Ter>102.355600953003233 -4.53773918713759983 -10.6854354038113257</Ter>
               </Appuis>
               <Appuis>
                    <Num>2</Num>
                    <Im>593.440971851369909 198.631192982645956</Im>
                    <Ter>72.278222216512745 22.2343847203400138 30.0622894795779771</Ter>
               </Appuis>
               <Appuis>
                    <Num>3</Num>
                    <Im>734.947525978057456 830.68413162221691</Im>
                    <Ter>110.61456039487004 32.7589610719024478 -22.0421615075397455</Ter>
               </Appuis>
               <Appuis>
                    <Num>4</Num>
                    <Im>483.630197525089329 864.67941856359414</Im>
                    <Ter>96.7473561493058583 20.0093974159070704 30.4572418553914801</Ter>
               </Appuis>
               <Appuis>
                    <Num>5</Num>
                    <Im>221.886178493610458 640.06265258782264</Im>
                    <Ter>88.9126063304410224 10.9410742165592509 33.1986862040583972</Ter>
               </Appuis>
               <Appuis>
                    <Num>6</Num>
                    <Im>391.6865272523915 432.195275545110064</Im>
                    <Ter>81.2684384082075297 15.1425586951180406 28.9148234492272849</Ter>
               </Appuis>
               <Appuis>
                    <Num>7</Num>
                    <Im>1058.80871200561137 34.1384424716264903</Im>
                    <Ter>48.1535605528846062 50.9283860572714673 -7.90361055875806073</Ter>
               </Appuis>
               <Appuis>
                    <Num>8</Num>
                    <Im>347.597486973294053 867.583620070507891</Im>
                    <Ter>110.186608853740822 5.13540182165699477 -4.75184995086149797</Ter>
               </Appuis>
               <Appuis>
                    <Num>9</Num>
                    <Im>299.259846925752754 179.54379379750651</Im>
                    <Ter>57.5093710665059987 -9.2339107221129062 -24.897755789167519</Ter>
               </Appuis>
          </Verif>
          <ConvOri>
               <KnownConv>eConvApero_DistM2C</KnownConv>
          </ConvOri>
     </OrientationConique>
</ExportAPERO>
