<?xml version="1.0" ?>
<ExportAPERO>
     <OrientationConique>
          <OrIntImaM2C>
               <I00>0 0</I00>
               <V10>1 0</V10>
               <V01>0 1</V01>
          </OrIntImaM2C>
          <TypeProj>eProjStenope</TypeProj>
          <ZoneUtileInPixel>true</ZoneUtileInPixel>
          <FileInterne>Ori-Basc/AutoCal_Foc-14000_Cam-DCGX9.xml</FileInterne>
          <RelativeNameFI>true</RelativeNameFI>
          <Externe>
               <AltiSol>1.52188981191655648</AltiSol>
               <Profondeur>72.9354850787086804</Profondeur>
               <Time>-1.00000000000000002e+30</Time>
               <KnownConv>eConvApero_DistM2C</KnownConv>
               <Centre>40.6590684654641521 35.0381723342949698 74.4858570636466197</Centre>
               <IncCentre>1 1 1</IncCentre>
               <ParamRotation>
                    <CodageMatr>
                         <L1>-0.0174752235008053258 0.999336892894851836 0.0319435605851999607</L1>
                         <L2>0.99948625675751579 0.0183184875736406051 -0.0262993453504772844</L2>
                         <L3>-0.0268670637853524602 0.0314675628588839754 -0.999143609983707992</L3>
                    </CodageMatr>
               </ParamRotation>
          </Externe>
          <Verif>
               <Tol>0.00100000000000000002</Tol>
               <ShowMes>true</ShowMes>
               <Appuis>
                    <Num>0</Num>
                    <Im>775.404885292052313 701.323471784590197</Im>
                    <Ter>51.1046464635264783 39.4425961704184758 29.9880898562066207</Ter>
               </Appuis>
               <Appuis>
                    <Num>1</Num>
                    <Im>1010.59777736637045 648.606374502033873</Im>
                    <Ter>52.056771684766062 54.6327047470605294 11.9641492955013931</Ter>
               </Appuis>
               <Appuis>
                    <Num>2</Num>
                    <Im>1058.20625781990657 407.333640933044023</Im>
                    <Ter>38.1666529272154946 57.4680570917258677 10.3902562628747575</Ter>
               </Appuis>
               <Appuis>
                    <Num>3</Num>
                    <Im>699.138155937194142 118.380509376527897</Im>
                    <Ter>22.2839743225568832 36.2267623094238402 12.0149662249013005</Ter>
               </Appuis>
               <Appuis>
                    <Num>4</Num>
                    <Im>694.913638114800051 223.265314042875445</Im>
                    <Ter>33.2508369743046899 35.662079946488781 37.3339399136137331</Ter>
               </Appuis>
               <Appuis>
                    <Num>5</Num>
                    <Im>1127.90060519837493 634.805855511217487</Im>
                    <Ter>55.0326570724175852 71.0713228011551479 -11.0361045336543526</Ter>
               </Appuis>
               <Appuis>
                    <Num>6</Num>
                    <Im>1053.3508586880414 551.595511436372703</Im>
                    <Ter>50.0546863018117634 70.5449851962227399 -27.0750410020145296</Ter>
               </Appuis>
               <Appuis>
                    <Num>7</Num>
                    <Im>445.606176853182205 728.111787557597268</Im>
                    <Ter>66.202699555777258 15.4540961029408308 -21.1024717929148551</Ter>
               </Appuis>
               <Appuis>
                    <Num>8</Num>
                    <Im>483.780019283913589 203.500515998562179</Im>
                    <Ter>32.4589126276192843 28.3545671621470277 36.3576132492825081</Ter>
               </Appuis>
               <Appuis>
                    <Num>9</Num>
                    <Im>158.244693876666048 735.807272671592159</Im>
                    <Ter>61.9567360208674955 -0.840108748345734568 -0.620827870709092622</Ter>
               </Appuis>
          </Verif>
          <ConvOri>
               <KnownConv>eConvApero_DistM2C</KnownConv>
          </ConvOri>
     </OrientationConique>
</ExportAPERO>
