<?xml version="1.0" ?>
<ExportAPERO>
     <OrientationConique>
          <OrIntImaM2C>
               <I00>0 0</I00>
               <V10>1 0</V10>
               <V01>0 1</V01>
          </OrIntImaM2C>
          <TypeProj>eProjStenope</TypeProj>
          <ZoneUtileInPixel>true</ZoneUtileInPixel>
          <FileInterne>Ori-Basc/AutoCal_Foc-14000_Cam-DCGX9.xml</FileInterne>
          <RelativeNameFI>true</RelativeNameFI>
          <Externe>
               <AltiSol>2.10648394280155005</AltiSol>
               <Profondeur>60.0668697360808963</Profondeur>
               <Time>-1.00000000000000002e+30</Time>
               <KnownConv>eConvApero_DistM2C</KnownConv>
               <Centre>95.1297168081374167 -12.6882653867733293 62.8049921628624901</Centre>
               <IncCentre>1 1 1</IncCentre>
               <ParamRotation>
                    <CodageMatr>
                         <L1>0.997683756171053981 0.0595178021122262507 0.0329356023802045081</L1>
                         <L2>0.061634877698887508 -0.995812929457232321 -0.0675111203939645077</L2>
                         <L3>0.0287795851856873855 0.0693847300026098346 -0.997174756358686021</L3>
                    </CodageMatr>
               </ParamRotation>
          </Externe>
          <Verif>
               <Tol>0.00100000000000000002</Tol>
               <ShowMes>true</ShowMes>
               <Appuis>
                    <Num>0</Num>
                    <Im>594.535145759613897 662.902707337894412</Im>
                    <Ter>95.0955439651406635 -21.3996053052325124 26.695364788770469</Ter>
               </Appuis>
               <Appuis>
                    <Num>1</Num>
                    <Im>859.220947265611358 711.574385404570307</Im>
                    <Ter>105.32886783047897 -23.931566502096107 21.8914118675578138</Ter>
               </Appuis>
               <Appuis>
                    <Num>2</Num>
                    <Im>111.989591719953182 707.512280701115287</Im>
                    <Ter>56.6208727964891452 -39.5869359668259619 -23.8861830243996849</Ter>
               </Appuis>
               <Appuis>
                    <Num>3</Num>
                    <Im>371.21042347227467 572.588633535545796</Im>
                    <Ter>88.4293766824891776 -18.0960273777687419 30.8264087757818999</Ter>
               </Appuis>
               <Appuis>
                    <Num>4</Num>
                    <Im>678.386123657227131 370.085118770599479</Im>
                    <Ter>97.7222701339550497 -11.2754971741335872 18.9586699437990873</Ter>
               </Appuis>
               <Appuis>
                    <Num>5</Num>
                    <Im>849.022484779348588 707.218083143222771</Im>
                    <Ter>107.87994631217353 -27.1332866896622242 9.51925749672854948</Ter>
               </Appuis>
               <Appuis>
                    <Num>6</Num>
                    <Im>1284.73420715256498 840.419359445092596</Im>
                    <Ter>148.542912306249718 -42.887108401969499 -15.4913179250145845</Ter>
               </Appuis>
               <Appuis>
                    <Num>7</Num>
                    <Im>1106.087113378921 235.973107517277413</Im>
                    <Ter>118.507970343535305 -3.22536145893986514 10.3627576068223917</Ter>
               </Appuis>
               <Appuis>
                    <Num>8</Num>
                    <Im>557.972186565399284 502.483174324035531</Im>
                    <Ter>91.7356355875357536 -20.1750360087530289 -16.3824836949501247</Ter>
               </Appuis>
               <Appuis>
                    <Num>9</Num>
                    <Im>1135.38543605549717 571.16625380441269</Im>
                    <Ter>124.827888951473 -20.2686195833197367 3.71713211703848145</Ter>
               </Appuis>
          </Verif>
          <ConvOri>
               <KnownConv>eConvApero_DistM2C</KnownConv>
          </ConvOri>
     </OrientationConique>
</ExportAPERO>
