<?xml version="1.0" ?>
<ExportAPERO>
     <OrientationConique>
          <OrIntImaM2C>
               <I00>0 0</I00>
               <V10>1 0</V10>
               <V01>0 1</V01>
          </OrIntImaM2C>
          <TypeProj>eProjStenope</TypeProj>
          <ZoneUtileInPixel>true</ZoneUtileInPixel>
          <FileInterne>Ori-Basc/AutoCal_Foc-14000_Cam-DCGX9.xml</FileInterne>
          <RelativeNameFI>true</RelativeNameFI>
          <Externe>
               <AltiSol>1.67585488826285434</AltiSol>
               <Profondeur>77.1886523181302664</Profondeur>
               <Time>-1.00000000000000002e+30</Time>
               <KnownConv>eConvApero_DistM2C</KnownConv>
               <Centre>20.3732024205302551 68.5593413133204308 77.5814021021691076</Centre>
               <IncCentre>1 1 1</IncCentre>
               <ParamRotation>
                    <CodageMatr>
                         <L1>-0.997279092218855023 -0.0413116152898357417 0.0610554065196611956</L1>
                         <L2>-0.0440307039036414646 0.998066000486434124 -0.0438811552578463465</L2>
                         <L3>-0.0591245239886658974 -0.0464500712072433014 -0.997169334440222266</L3>
                    </CodageMatr>
               </ParamRotation>
          </Externe>
          <Verif>
               <Tol>0.00100000000000000002</Tol>
               <ShowMes>true</ShowMes>
               <Appuis>
                    <Num>0</Num>
                    <Im>179.602627516269195 681.217345475830371</Im>
                    <Ter>54.3709156427321929 80.0759316184802117 7.81917155358421212</Ter>
               </Appuis>
               <Appuis>
                    <Num>1</Num>
                    <Im>879.560940740175511 433.268042206792643</Im>
                    <Ter>3.91114765276011767 58.4113452549336216 -31.0856192376931375</Ter>
               </Appuis>
               <Appuis>
                    <Num>2</Num>
                    <Im>1228.62972450254938 405.620713591575509</Im>
                    <Ter>-20.4878250476992392 57.0876232327754281 -10.2590624823156702</Ter>
               </Appuis>
               <Appuis>
                    <Num>3</Num>
                    <Im>675.819957733154183 332.166946649551448</Im>
                    <Ter>23.8808846650637818 51.5460491732133548 -17.4626842599934093</Ter>
               </Appuis>
               <Appuis>
                    <Num>4</Num>
                    <Im>218.070918560054736 342.991047263150222</Im>
                    <Ter>72.5696535219270089 51.3219070251244176 -33.7434548275030437</Ter>
               </Appuis>
               <Appuis>
                    <Num>5</Num>
                    <Im>715.410289764401796 764.152321100227482</Im>
                    <Ter>18.5120788767121027 93.3953816040995832 -39.7180210842416699</Ter>
               </Appuis>
               <Appuis>
                    <Num>6</Num>
                    <Im>434.635160923004605 178.541346609592978</Im>
                    <Ter>36.4210493531739843 49.6604249223908312 17.9467890810800199</Ter>
               </Appuis>
               <Appuis>
                    <Num>7</Num>
                    <Im>505.773266315460205 457.676300883293209</Im>
                    <Ter>40.7687886128364667 62.3232048557449971 -30.7578652012589373</Ter>
               </Appuis>
               <Appuis>
                    <Num>8</Num>
                    <Im>669.474761009216309 551.858191967010498</Im>
                    <Ter>23.4526644634033943 70.5461192195954965 -12.7727532563366708</Ter>
               </Appuis>
               <Appuis>
                    <Num>9</Num>
                    <Im>531.617307186349308 658.671662091549933</Im>
                    <Ter>37.181700653375934 82.0842032101089529 -30.4966358975405001</Ter>
               </Appuis>
          </Verif>
          <ConvOri>
               <KnownConv>eConvApero_DistM2C</KnownConv>
          </ConvOri>
     </OrientationConique>
</ExportAPERO>
