<?xml version="1.0" ?>
<ExportAPERO>
     <OrientationConique>
          <OrIntImaM2C>
               <I00>0 0</I00>
               <V10>1 0</V10>
               <V01>0 1</V01>
          </OrIntImaM2C>
          <TypeProj>eProjStenope</TypeProj>
          <ZoneUtileInPixel>true</ZoneUtileInPixel>
          <FileInterne>Ori-Basc/AutoCal_Foc-14000_Cam-DCGX9.xml</FileInterne>
          <RelativeNameFI>true</RelativeNameFI>
          <Externe>
               <AltiSol>3.35436849113739477</AltiSol>
               <Profondeur>65.5537119145151337</Profondeur>
               <Time>-1.00000000000000002e+30</Time>
               <KnownConv>eConvApero_DistM2C</KnownConv>
               <Centre>109.717665708169676 79.2916108871625056 46.4263086798508766</Centre>
               <IncCentre>1 1 1</IncCentre>
               <ParamRotation>
                    <CodageMatr>
                         <L1>-0.00838989564408361942 0.655731552488277303 -0.75494750858744808</L1>
                         <L2>0.999659520754161868 0.0241540845151562468 0.00987029719888302126</L2>
                         <L3>0.0247073312326721271 -0.754607653865602135 -0.655710939752274347</L3>
                    </CodageMatr>
               </ParamRotation>
          </Externe>
          <Verif>
               <Tol>0.00100000000000000002</Tol>
               <ShowMes>true</ShowMes>
               <Appuis>
                    <Num>0</Num>
                    <Im>642.558600425720215 722.642945766448292</Im>
                    <Ter>76.9867479222497622 80.1028051922089901 2.08338019349623949</Ter>
               </Appuis>
               <Appuis>
                    <Num>1</Num>
                    <Im>393.355307579106636 14.0451045670935528</Im>
                    <Ter>35.389839314916955 62.7901018751124127 21.9379781774758555</Ter>
               </Appuis>
               <Appuis>
                    <Num>2</Num>
                    <Im>1029.93841838779167 160.60714334282747</Im>
                    <Ter>72.4180897766149769 93.4055096447334563 29.6544318936379092</Ter>
               </Appuis>
               <Appuis>
                    <Num>3</Num>
                    <Im>1059.59601974464204 435.643551349632958</Im>
                    <Ter>54.3899445754889115 106.953282363136196 2.85077353155281799</Ter>
               </Appuis>
               <Appuis>
                    <Num>4</Num>
                    <Im>1233.92736625615134 897.743678569358735</Im>
                    <Ter>84.6665789205897852 107.847061457534721 -0.43416427429473714</Ter>
               </Appuis>
               <Appuis>
                    <Num>5</Num>
                    <Im>612.521481513977164 96.2741452753570428</Im>
                    <Ter>52.2500750197336998 77.7650364855407901 23.4547496856679452</Ter>
               </Appuis>
               <Appuis>
                    <Num>6</Num>
                    <Im>1131.93694782256171 83.5634332895331795</Im>
                    <Ter>41.783624727829519 110.209016903729363 21.2607360841948498</Ter>
               </Appuis>
               <Appuis>
                    <Num>7</Num>
                    <Im>1092.00232314933623 611.469002007925042</Im>
                    <Ter>47.9777840850923027 118.16996974926667 -20.8664207351503705</Ter>
               </Appuis>
               <Appuis>
                    <Num>8</Num>
                    <Im>52.3679621815992817 827.334462404225178</Im>
                    <Ter>58.6926523053279041 29.0198351729926216 -40.442527482640628</Ter>
               </Appuis>
               <Appuis>
                    <Num>9</Num>
                    <Im>974.841321945162917 550.557129621496529</Im>
                    <Ter>46.7647694090983208 107.123190828873547 -15.1688964370042427</Ter>
               </Appuis>
          </Verif>
          <ConvOri>
               <KnownConv>eConvApero_DistM2C</KnownConv>
          </ConvOri>
     </OrientationConique>
</ExportAPERO>
