<?xml version="1.0" ?>
<ExportAPERO>
     <OrientationConique>
          <OrIntImaM2C>
               <I00>0 0</I00>
               <V10>1 0</V10>
               <V01>0 1</V01>
          </OrIntImaM2C>
          <TypeProj>eProjStenope</TypeProj>
          <ZoneUtileInPixel>true</ZoneUtileInPixel>
          <FileInterne>Ori-Basc/AutoCal_Foc-14000_Cam-DCGX9.xml</FileInterne>
          <RelativeNameFI>true</RelativeNameFI>
          <Externe>
               <AltiSol>2.27339579159270144</AltiSol>
               <Profondeur>59.9057667315968985</Profondeur>
               <Time>-1.00000000000000002e+30</Time>
               <KnownConv>eConvApero_DistM2C</KnownConv>
               <Centre>106.918555717700215 -3.31956419911760747 45.9650461596822879</Centre>
               <IncCentre>1 1 1</IncCentre>
               <ParamRotation>
                    <CodageMatr>
                         <L1>-0.0676226520308909895 0.684464992185284671 -0.725902783714945765</L1>
                         <L2>0.997661921756450853 0.0536034242530129337 -0.0423953156088852159</L2>
                         <L3>0.00989276551498702653 -0.727072449884569538 -0.686489465184510927</L3>
                    </CodageMatr>
               </ParamRotation>
          </Externe>
          <Verif>
               <Tol>0.00100000000000000002</Tol>
               <ShowMes>true</ShowMes>
               <Appuis>
                    <Num>0</Num>
                    <Im>847.741178512450233 806.754479884907482</Im>
                    <Ter>80.4716896165824238 4.72067761317119405 1.00109571595596236</Ter>
               </Appuis>
               <Appuis>
                    <Num>1</Num>
                    <Im>1253.91147994992639 392.450766921043623</Im>
                    <Ter>73.1505749812528165 18.0990110063988254 20.2169937231218206</Ter>
               </Appuis>
               <Appuis>
                    <Num>2</Num>
                    <Im>1064.86036777491199 936.513158082904397</Im>
                    <Ter>77.3973521528110382 20.5408883393871164 -17.6934259415707871</Ter>
               </Appuis>
               <Appuis>
                    <Num>3</Num>
                    <Im>704.190459251359812 253.981569886290316</Im>
                    <Ter>29.2735136037560721 -3.10151573790765323 -2.04009621539401564</Ter>
               </Appuis>
               <Appuis>
                    <Num>4</Num>
                    <Im>1133.97752094268208 137.796983420851518</Im>
                    <Ter>28.6511677839756373 28.4354040631840661 9.40441426482806975</Ter>
               </Appuis>
               <Appuis>
                    <Num>5</Num>
                    <Im>1025.03551197042543 356.761439681068225</Im>
                    <Ter>78.6900372216299928 6.99175223525449852 25.371099861651043</Ter>
               </Appuis>
               <Appuis>
                    <Num>6</Num>
                    <Im>470.751358509070144 331.87046062946763</Im>
                    <Ter>35.7127933405497942 -21.494492264558307 -6.24452980084414122</Ter>
               </Appuis>
               <Appuis>
                    <Num>7</Num>
                    <Im>586.308660507202262 401.696351051330566</Im>
                    <Ter>66.5240374201743805 -8.43070788692648065 12.5742372840473777</Ter>
               </Appuis>
               <Appuis>
                    <Num>8</Num>
                    <Im>1208.81748676299071 309.198216676713457</Im>
                    <Ter>31.9075902476645865 37.4831976898418517 -3.15029144200967437</Ter>
               </Appuis>
               <Appuis>
                    <Num>9</Num>
                    <Im>715.237718582152979 343.616550207138289</Im>
                    <Ter>70.1522789147786767 -2.56308023141458596 19.0101734231472683</Ter>
               </Appuis>
          </Verif>
          <ConvOri>
               <KnownConv>eConvApero_DistM2C</KnownConv>
          </ConvOri>
     </OrientationConique>
</ExportAPERO>
