<?xml version="1.0" ?>
<ExportAPERO>
     <OrientationConique>
          <OrIntImaM2C>
               <I00>0 0</I00>
               <V10>1 0</V10>
               <V01>0 1</V01>
          </OrIntImaM2C>
          <TypeProj>eProjStenope</TypeProj>
          <ZoneUtileInPixel>true</ZoneUtileInPixel>
          <FileInterne>Ori-Basc/AutoCal_Foc-14000_Cam-DCGX9.xml</FileInterne>
          <RelativeNameFI>true</RelativeNameFI>
          <Externe>
               <AltiSol>3.53904113297350476</AltiSol>
               <Profondeur>66.3200578698866678</Profondeur>
               <Time>-1.00000000000000002e+30</Time>
               <KnownConv>eConvApero_DistM2C</KnownConv>
               <Centre>5.06036216285155938 57.0825106849950075 43.5644088708109791</Centre>
               <IncCentre>1 1 1</IncCentre>
               <ParamRotation>
                    <CodageMatr>
                         <L1>0.131573309499946944 -0.569913647437805593 0.811102273878805069</L1>
                         <L2>-0.990509230024375853 -0.0427742858345224949 0.130620923698559349</L2>
                         <L3>-0.0397483265528180904 -0.820590515991674985 -0.570132682452749173</L3>
                    </CodageMatr>
               </ParamRotation>
          </Externe>
          <Verif>
               <Tol>0.00100000000000000002</Tol>
               <ShowMes>true</ShowMes>
               <Appuis>
                    <Num>0</Num>
                    <Im>718.663727760314714 168.557994604110917</Im>
                    <Ter>60.3559503904300811 61.2562371301187056 24.3407794493530076</Ter>
               </Appuis>
               <Appuis>
                    <Num>1</Num>
                    <Im>1225.92265892025762 177.679813563833761</Im>
                    <Ter>72.6977792682156263 31.4950053933065561 19.9223082139486181</Ter>
               </Appuis>
               <Appuis>
                    <Num>2</Num>
                    <Im>313.192594528293682 754.507994413261486</Im>
                    <Ter>48.2351194879120797 85.967910379327904 -9.2644245525353881</Ter>
               </Appuis>
               <Appuis>
                    <Num>3</Num>
                    <Im>621.424424171411147 923.798817872161976</Im>
                    <Ter>54.3758254854601901 68.4358667563900553 -34.2158752748881625</Ter>
               </Appuis>
               <Appuis>
                    <Num>4</Num>
                    <Im>333.809945583354533 157.549484610567902</Im>
                    <Ter>61.9007642932551434 82.6498860237764603 24.3403781037982476</Ter>
               </Appuis>
               <Appuis>
                    <Num>5</Num>
                    <Im>554.189409255982014 766.792567491525574</Im>
                    <Ter>50.0004444881500589 70.8779356757565182 -10.6303419662680696</Ter>
               </Appuis>
               <Appuis>
                    <Num>6</Num>
                    <Im>871.544955251834949 465.979647517006981</Im>
                    <Ter>64.6960936657363561 51.7449321729367711 3.36911978653848365</Ter>
               </Appuis>
               <Appuis>
                    <Num>7</Num>
                    <Im>876.940855976173111 527.488981960911019</Im>
                    <Ter>68.1256261562726593 50.6463145550582539 -4.16843311146360662</Ter>
               </Appuis>
               <Appuis>
                    <Num>8</Num>
                    <Im>1077.14080810479163 260.246535301425581</Im>
                    <Ter>66.6472593334939063 40.8993465858913083 16.9881181640589247</Ter>
               </Appuis>
               <Appuis>
                    <Num>9</Num>
                    <Im>879.013332366940517 238.249807298185317</Im>
                    <Ter>97.6583384392377525 49.9802776929819146 5.2606649165424173</Ter>
               </Appuis>
          </Verif>
          <ConvOri>
               <KnownConv>eConvApero_DistM2C</KnownConv>
          </ConvOri>
     </OrientationConique>
</ExportAPERO>
