<?xml version="1.0" ?>
<ExportAPERO>
     <OrientationConique>
          <OrIntImaM2C>
               <I00>0 0</I00>
               <V10>1 0</V10>
               <V01>0 1</V01>
          </OrIntImaM2C>
          <TypeProj>eProjStenope</TypeProj>
          <ZoneUtileInPixel>true</ZoneUtileInPixel>
          <FileInterne>Ori-Basc/AutoCal_Foc-14000_Cam-DCGX9.xml</FileInterne>
          <RelativeNameFI>true</RelativeNameFI>
          <Externe>
               <AltiSol>1.94829317760602216</AltiSol>
               <Profondeur>73.5262434261864115</Profondeur>
               <Time>-1.00000000000000002e+30</Time>
               <KnownConv>eConvApero_DistM2C</KnownConv>
               <Centre>-12.3223593455421288 -27.9761363773619856 57.9742881121807301</Centre>
               <IncCentre>1 1 1</IncCentre>
               <ParamRotation>
                    <CodageMatr>
                         <L1>-0.0540269602223079071 -0.757881997741457925 0.650150724885048548</L1>
                         <L2>-0.996541623282229838 -0.000242761039768422417 -0.0830947298755815994</L2>
                         <L3>0.0631338311458718715 -0.652391614420736121 -0.755247840644612589</L3>
                    </CodageMatr>
               </ParamRotation>
          </Externe>
          <Verif>
               <Tol>0.00100000000000000002</Tol>
               <ShowMes>true</ShowMes>
               <Appuis>
                    <Num>0</Num>
                    <Im>525.133914471152139 181.158766330801768</Im>
                    <Ter>25.8151596552921028 -26.9171771465780623 32.0514885194557664</Ter>
               </Appuis>
               <Appuis>
                    <Num>1</Num>
                    <Im>561.260231494903678 423.122600555420092</Im>
                    <Ter>15.5261675906199947 -28.3439190964396452 28.7069012879899574</Ter>
               </Appuis>
               <Appuis>
                    <Num>2</Num>
                    <Im>237.528261423119773 945.160179376588076</Im>
                    <Ter>6.56338822521305687 -11.9481007632809551 -0.655880188468358938</Ter>
               </Appuis>
               <Appuis>
                    <Num>3</Num>
                    <Im>98.3370791691355066 655.825859784133286</Im>
                    <Ter>47.5746822290374496 17.2140156327136147 -38.9786126608397154</Ter>
               </Appuis>
               <Appuis>
                    <Num>4</Num>
                    <Im>831.548609733551643 763.901227712586206</Im>
                    <Ter>34.6020795573491569 -55.1122675400917927 -39.1838502512328404</Ter>
               </Appuis>
               <Appuis>
                    <Num>5</Num>
                    <Im>341.941841125509029 713.78810906407864</Im>
                    <Ter>9.96911654333031905 -19.4658091792038022 17.3342589279950943</Ter>
               </Appuis>
               <Appuis>
                    <Num>6</Num>
                    <Im>664.409866333007585 732.711246013640334</Im>
                    <Ter>24.9317025329151996 -36.0827481090555864 -13.4125366470179443</Ter>
               </Appuis>
               <Appuis>
                    <Num>7</Num>
                    <Im>1142.74412154922288 307.075075507589816</Im>
                    <Ter>16.7358942190051145 -49.1672070785428019 33.6306633557721142</Ter>
               </Appuis>
               <Appuis>
                    <Num>8</Num>
                    <Im>463.787871837616251 169.607413172722289</Im>
                    <Ter>64.9000298739687196 -20.910858256914274 6.46587983764270291</Ter>
               </Appuis>
               <Appuis>
                    <Num>9</Num>
                    <Im>204.627727749268161 836.094226596094927</Im>
                    <Ter>11.4744559231764427 -9.91741015666297443 1.62728914367593092</Ter>
               </Appuis>
          </Verif>
          <ConvOri>
               <KnownConv>eConvApero_DistM2C</KnownConv>
          </ConvOri>
     </OrientationConique>
</ExportAPERO>
