<?xml version="1.0" ?>
<ExportAPERO>
     <OrientationConique>
          <OrIntImaM2C>
               <I00>0 0</I00>
               <V10>1 0</V10>
               <V01>0 1</V01>
          </OrIntImaM2C>
          <TypeProj>eProjStenope</TypeProj>
          <ZoneUtileInPixel>true</ZoneUtileInPixel>
          <FileInterne>Ori-Basc/AutoCal_Foc-14000_Cam-DCGX9.xml</FileInterne>
          <RelativeNameFI>true</RelativeNameFI>
          <Externe>
               <AltiSol>2.42934618071898978</AltiSol>
               <Profondeur>75.5198351639386516</Profondeur>
               <Time>-1.00000000000000002e+30</Time>
               <KnownConv>eConvApero_DistM2C</KnownConv>
               <Centre>-23.440321546375003 18.6115425773885583 51.9252046978658655</Centre>
               <IncCentre>1 1 1</IncCentre>
               <ParamRotation>
                    <CodageMatr>
                         <L1>0.0743165832579214397 -0.725739299159274376 0.68394408770649795</L1>
                         <L2>-0.996914718259888089 -0.0366939907771425891 0.0693872867148948025</L2>
                         <L3>-0.0252604427846479414 -0.686990553571628304 -0.726227160972151564</L3>
                    </CodageMatr>
               </ParamRotation>
          </Externe>
          <Verif>
               <Tol>0.00100000000000000002</Tol>
               <ShowMes>true</ShowMes>
               <Appuis>
                    <Num>0</Num>
                    <Im>305.493575335732885 885.654986141107429</Im>
                    <Ter>6.67142341113398274 46.9849613932482981 -23.9654945864628957</Ter>
               </Appuis>
               <Appuis>
                    <Num>1</Num>
                    <Im>308.862672328958411 198.671458303935339</Im>
                    <Ter>64.2507124119283759 58.3196422643632957 -4.31054620253445364</Ter>
               </Appuis>
               <Appuis>
                    <Num>2</Num>
                    <Im>1172.99544811248347 313.699445128441596</Im>
                    <Ter>70.0574206406422633 -27.9641753657332082 -19.5675126583975754</Ter>
               </Appuis>
               <Appuis>
                    <Num>3</Num>
                    <Im>1085.43001842494027 909.706013202618578</Im>
                    <Ter>-0.331439332592147196 -0.814094485273596291 -3.38389663675773278</Ter>
               </Appuis>
               <Appuis>
                    <Num>4</Num>
                    <Im>162.277705193366927 696.689136027736367</Im>
                    <Ter>30.7296309699151564 72.5822854230300862 -39.7300688766276124</Ter>
               </Appuis>
               <Appuis>
                    <Num>5</Num>
                    <Im>246.489043235825193 201.257983803776625</Im>
                    <Ter>10.4340134648957132 36.3684940019233878 30.0559881016776949</Ter>
               </Appuis>
               <Appuis>
                    <Num>6</Num>
                    <Im>369.979984761636956 940.994080063374781</Im>
                    <Ter>3.96953443414529517 42.1241044069737569 -26.4110627162031335</Ter>
               </Appuis>
               <Appuis>
                    <Num>7</Num>
                    <Im>28.6698360443475302 803.049664735766896</Im>
                    <Ter>-3.79230374513571178 47.7486125501207539 9.10089051679581473</Ter>
               </Appuis>
               <Appuis>
                    <Num>8</Num>
                    <Im>663.65562057494742 600.297663688647049</Im>
                    <Ter>10.9647753339039866 21.2529815320575146 6.22075069375696899</Ter>
               </Appuis>
               <Appuis>
                    <Num>9</Num>
                    <Im>312.787565946664586 748.487952232260909</Im>
                    <Ter>7.83741967256104033 42.1424744927833927 -5.89117816755266688</Ter>
               </Appuis>
          </Verif>
          <ConvOri>
               <KnownConv>eConvApero_DistM2C</KnownConv>
          </ConvOri>
     </OrientationConique>
</ExportAPERO>
