<?xml version="1.0" ?>
<ExportAPERO>
     <OrientationConique>
          <OrIntImaM2C>
               <I00>0 0</I00>
               <V10>1 0</V10>
               <V01>0 1</V01>
          </OrIntImaM2C>
          <TypeProj>eProjStenope</TypeProj>
          <ZoneUtileInPixel>true</ZoneUtileInPixel>
          <FileInterne>Ori-Basc/AutoCal_Foc-14000_Cam-DCGX9.xml</FileInterne>
          <RelativeNameFI>true</RelativeNameFI>
          <Externe>
               <AltiSol>0.529702719894013963</AltiSol>
               <Profondeur>62.4748084571595825</Profondeur>
               <Time>-1.00000000000000002e+30</Time>
               <KnownConv>eConvApero_DistM2C</KnownConv>
               <Centre>17.3517529202879146 -14.8165384836176468 63.1383787415794586</Centre>
               <IncCentre>1 1 1</IncCentre>
               <ParamRotation>
                    <CodageMatr>
                         <L1>0.999919462704276674 0.0126899542734076921 -0.00018211460552075448</L1>
                         <L2>0.0126837374497741923 -0.999717832284994778 -0.0200842877816526655</L2>
                         <L3>-0.000436931912221778741 0.0200803603535860062 -0.999798273762549705</L3>
                    </CodageMatr>
               </ParamRotation>
          </Externe>
          <Verif>
               <Tol>0.00100000000000000002</Tol>
               <ShowMes>true</ShowMes>
               <Appuis>
                    <Num>0</Num>
                    <Im>701.46724891662609 408.861145019531193</Im>
                    <Ter>21.4202754176715509 -11.4274715591387217 -14.741743401645607</Ter>
               </Appuis>
               <Appuis>
                    <Num>1</Num>
                    <Im>283.429530859948272 853.824293373619639</Im>
                    <Ter>-11.6000053696749319 -47.7108169809085112 -24.8681890485496098</Ter>
               </Appuis>
               <Appuis>
                    <Num>2</Num>
                    <Im>323.194249391556752 545.671758413314365</Im>
                    <Ter>-3.45584596662673604 -20.9391008697595744 -8.19045374719820529</Ter>
               </Appuis>
               <Appuis>
                    <Num>3</Num>
                    <Im>607.094874858844491 181.122759283566637</Im>
                    <Ter>14.1493119030207239 7.34424143258658368 -25.9024574676045489</Ter>
               </Appuis>
               <Appuis>
                    <Num>4</Num>
                    <Im>162.633044242978542 459.200155019745353</Im>
                    <Ter>-6.69774893495402779 -15.2954576758221759 8.58895886431588451</Ter>
               </Appuis>
               <Appuis>
                    <Num>5</Num>
                    <Im>667.363969802852239 41.4000796079866689</Im>
                    <Ter>18.2921736004599751 5.69911949765863035 8.70364084770696422</Ter>
               </Appuis>
               <Appuis>
                    <Num>6</Num>
                    <Im>876.074601169777338 340.870600105611857</Im>
                    <Ter>30.7293110096219948 -7.99083739954585859 -0.366962002347527516</Ter>
               </Appuis>
               <Appuis>
                    <Num>7</Num>
                    <Im>705.813895225523993 322.74323916435344</Im>
                    <Ter>20.9858550925857656 -6.80269188088602483 -2.73320613999692341</Ter>
               </Appuis>
               <Appuis>
                    <Num>8</Num>
                    <Im>326.301322460179563 631.18533682822806</Im>
                    <Ter>-8.58933678713211179 -29.6004967464855469 -26.7314327394487066</Ter>
               </Appuis>
               <Appuis>
                    <Num>9</Num>
                    <Im>303.291361570359072 424.27986645698553</Im>
                    <Ter>7.61458161189407967 -14.0356828234760869 31.7905221849906461</Ter>
               </Appuis>
          </Verif>
          <ConvOri>
               <KnownConv>eConvApero_DistM2C</KnownConv>
          </ConvOri>
     </OrientationConique>
</ExportAPERO>
