<?xml version="1.0" ?>
<ExportAPERO>
     <OrientationConique>
          <OrIntImaM2C>
               <I00>0 0</I00>
               <V10>1 0</V10>
               <V01>0 1</V01>
          </OrIntImaM2C>
          <TypeProj>eProjStenope</TypeProj>
          <ZoneUtileInPixel>true</ZoneUtileInPixel>
          <FileInterne>Ori-Basc/AutoCal_Foc-14000_Cam-DCGX9.xml</FileInterne>
          <RelativeNameFI>true</RelativeNameFI>
          <Externe>
               <AltiSol>0.880963495822529863</AltiSol>
               <Profondeur>67.6037966637075414</Profondeur>
               <Time>-1.00000000000000002e+30</Time>
               <KnownConv>eConvApero_DistM2C</KnownConv>
               <Centre>63.4271067216537219 -35.0599529921286717 60.9959892186778134</Centre>
               <IncCentre>1 1 1</IncCentre>
               <ParamRotation>
                    <CodageMatr>
                         <L1>-0.0868759078720545558 0.771960411008143166 -0.629706042902198226</L1>
                         <L2>0.995848605705594636 0.0845325644556237099 -0.0337609250581060102</L2>
                         <L3>0.0271685690758551833 -0.630024895843564803 -0.776099542244212293</L3>
                    </CodageMatr>
               </ParamRotation>
          </Externe>
          <Verif>
               <Tol>0.00100000000000000002</Tol>
               <ShowMes>true</ShowMes>
               <Appuis>
                    <Num>0</Num>
                    <Im>1183.54021167754172 598.067833900448932</Im>
                    <Ter>11.4164515598015512 6.93394220160489994 -12.7879027108792442</Ter>
               </Appuis>
               <Appuis>
                    <Num>1</Num>
                    <Im>196.025355577513494 441.145619273182376</Im>
                    <Ter>31.1330720900786417 -58.1997858586828301 21.0908627079147166</Ter>
               </Appuis>
               <Appuis>
                    <Num>2</Num>
                    <Im>430.859953880351497 814.089488983058345</Im>
                    <Ter>26.2145511072688677 -55.0324690877395142 -35.9212513207511748</Ter>
               </Appuis>
               <Appuis>
                    <Num>3</Num>
                    <Im>584.863357543945312 491.415830612182617</Im>
                    <Ter>28.4259698367886671 -39.9064037569606143 16.3687416636742213</Ter>
               </Appuis>
               <Appuis>
                    <Num>4</Num>
                    <Im>201.940843106171798 40.4729162611522995</Im>
                    <Ter>-17.0432040069400514 -77.0227818710429375 13.5871519997188202</Ter>
               </Appuis>
               <Appuis>
                    <Num>5</Num>
                    <Im>1215.04959297176788 674.143626451477758</Im>
                    <Ter>24.9074147409691875 1.70999255119370019 -2.13741965490448393</Ter>
               </Appuis>
               <Appuis>
                    <Num>6</Num>
                    <Im>160.143768669029043 698.824182986620713</Im>
                    <Ter>42.4469486692187843 -57.252672299438224 16.6591413595100732</Ter>
               </Appuis>
               <Appuis>
                    <Num>7</Num>
                    <Im>33.2797036171056391 701.894022703165433</Im>
                    <Ter>29.3477717374919251 -81.8967171619624423 -13.8317906846924572</Ter>
               </Appuis>
               <Appuis>
                    <Num>8</Num>
                    <Im>910.963102340697219 465.828029751777592</Im>
                    <Ter>20.913677871764456 -21.5727358104000935 11.849124199635618</Ter>
               </Appuis>
               <Appuis>
                    <Num>9</Num>
                    <Im>510.418551921847722 558.479606866832228</Im>
                    <Ter>22.0995495879290758 -45.9005844926200766 0.37043360145366222</Ter>
               </Appuis>
          </Verif>
          <ConvOri>
               <KnownConv>eConvApero_DistM2C</KnownConv>
          </ConvOri>
     </OrientationConique>
</ExportAPERO>
