<?xml version="1.0" ?>
<ExportAPERO>
     <OrientationConique>
          <OrIntImaM2C>
               <I00>0 0</I00>
               <V10>1 0</V10>
               <V01>0 1</V01>
          </OrIntImaM2C>
          <TypeProj>eProjStenope</TypeProj>
          <ZoneUtileInPixel>true</ZoneUtileInPixel>
          <FileInterne>Ori-Basc/AutoCal_Foc-14000_Cam-DCGX9.xml</FileInterne>
          <RelativeNameFI>true</RelativeNameFI>
          <Externe>
               <AltiSol>3.44961294757396209</AltiSol>
               <Profondeur>54.2969904903110105</Profondeur>
               <Time>-1.00000000000000002e+30</Time>
               <KnownConv>eConvApero_DistM2C</KnownConv>
               <Centre>44.3772841396894151 51.509201437398545 45.452649902399024</Centre>
               <IncCentre>1 1 1</IncCentre>
               <ParamRotation>
                    <CodageMatr>
                         <L1>0.0827561420135099757 -0.615986381892868806 0.783397854401946092</L1>
                         <L2>-0.996201539929383095 -0.0725024567201529302 0.0482274362979008414</L2>
                         <L3>0.0270908250403250166 -0.784413265499809942 -0.61964660582186637</L3>
                    </CodageMatr>
               </ParamRotation>
          </Externe>
          <Verif>
               <Tol>0.00100000000000000002</Tol>
               <ShowMes>true</ShowMes>
               <Appuis>
                    <Num>0</Num>
                    <Im>492.788018703462399 528.618612527845585</Im>
                    <Ter>72.116608218606217 58.2576122501550131 20.8580214907458448</Ter>
               </Appuis>
               <Appuis>
                    <Num>1</Num>
                    <Im>299.016671419145609 333.344026565552383</Im>
                    <Ter>91.0060602617062955 72.118017989980018 16.2910438522385661</Ter>
               </Appuis>
               <Appuis>
                    <Num>2</Num>
                    <Im>457.617061615069588 568.427516698760996</Im>
                    <Ter>95.9745829240788737 66.6093621186936389 -3.9999552782296135</Ter>
               </Appuis>
               <Appuis>
                    <Num>3</Num>
                    <Im>179.176413774493625 823.754266977306997</Im>
                    <Ter>74.724137485638721 76.3580570785158272 -3.14353610248734583</Ter>
               </Appuis>
               <Appuis>
                    <Num>4</Num>
                    <Im>599.877475261688232 458.204935312271004</Im>
                    <Ter>97.139681872973739 57.4090899987298826 5.01343795575279216</Ter>
               </Appuis>
               <Appuis>
                    <Num>5</Num>
                    <Im>167.860873461843909 68.3223282703177546</Im>
                    <Ter>80.745782515216689 70.4983057503083188 32.9907688304946518</Ter>
               </Appuis>
               <Appuis>
                    <Num>6</Num>
                    <Im>434.497930526761991 361.169101953516474</Im>
                    <Ter>110.533989830996461 70.9571777037593563 2.47597985536880572</Ter>
               </Appuis>
               <Appuis>
                    <Num>7</Num>
                    <Im>691.158940315181667 882.874651193278396</Im>
                    <Ter>67.8158234568744547 50.5332143890654351 7.19617981341642832</Ter>
               </Appuis>
               <Appuis>
                    <Num>8</Num>
                    <Im>1257.97053337094303 454.066558241842017</Im>
                    <Ter>85.9277005560589515 25.9670923237087869 16.5336459221619059</Ter>
               </Appuis>
               <Appuis>
                    <Num>9</Num>
                    <Im>720.343554495212288 692.410525556658172</Im>
                    <Ter>62.7710401638177089 50.5053662917033321 24.2373678304828921</Ter>
               </Appuis>
          </Verif>
          <ConvOri>
               <KnownConv>eConvApero_DistM2C</KnownConv>
          </ConvOri>
     </OrientationConique>
</ExportAPERO>
