<?xml version="1.0" ?>
<ExportAPERO>
     <OrientationConique>
          <OrIntImaM2C>
               <I00>0 0</I00>
               <V10>1 0</V10>
               <V01>0 1</V01>
          </OrIntImaM2C>
          <TypeProj>eProjStenope</TypeProj>
          <ZoneUtileInPixel>true</ZoneUtileInPixel>
          <FileInterne>Ori-Basc/AutoCal_Foc-14000_Cam-DCGX9.xml</FileInterne>
          <RelativeNameFI>true</RelativeNameFI>
          <Externe>
               <AltiSol>3.74678729106216624</AltiSol>
               <Profondeur>81.8599419991108874</Profondeur>
               <Time>-1.00000000000000002e+30</Time>
               <KnownConv>eConvApero_DistM2C</KnownConv>
               <Centre>142.548568849936999 61.9662911349931917 61.7873824395712319</Centre>
               <IncCentre>1 1 1</IncCentre>
               <ParamRotation>
                    <CodageMatr>
                         <L1>-0.0420249677465426991 0.740782813100519522 -0.670428762733806693</L1>
                         <L2>0.99890013842041625 0.0451181171738596273 -0.0127620126296424958</L2>
                         <L3>0.0207946038571386986 -0.670227707064969591 -0.741864141964590385</L3>
                    </CodageMatr>
               </ParamRotation>
          </Externe>
          <Verif>
               <Tol>0.00100000000000000002</Tol>
               <ShowMes>true</ShowMes>
               <Appuis>
                    <Num>0</Num>
                    <Im>883.247351646418792 224.711925387385719</Im>
                    <Ter>58.9204742732302549 81.2743749102147888 4.5975938588085512</Ter>
               </Appuis>
               <Appuis>
                    <Num>1</Num>
                    <Im>325.989512443555782 157.315960228455623</Im>
                    <Ter>73.6494411921010652 37.1266705848785108 18.4191226935089318</Ter>
               </Appuis>
               <Appuis>
                    <Num>2</Num>
                    <Im>676.200556755066032 422.084885001182386</Im>
                    <Ter>107.930915652417013 62.707915154413719 27.2853500150195671</Ter>
               </Appuis>
               <Appuis>
                    <Num>3</Num>
                    <Im>574.505649089832332 634.397872209440266</Im>
                    <Ter>117.368650132983149 58.8986515480226345 24.2328350661370351</Ter>
               </Appuis>
               <Appuis>
                    <Num>4</Num>
                    <Im>1011.71184253686238 498.190427541721647</Im>
                    <Ter>61.1830968514493634 101.510904848313515 -28.8615244393250947</Ter>
               </Appuis>
               <Appuis>
                    <Num>5</Num>
                    <Im>77.0490884194302623 479.370532035670919</Im>
                    <Ter>73.3350446870720702 4.98226578108685914 -18.8384139963652615</Ter>
               </Appuis>
               <Appuis>
                    <Num>6</Num>
                    <Im>650.117743492119871 14.7404526360807555</Im>
                    <Ter>78.1606140334908446 60.3314720209854229 31.905166792426396</Ter>
               </Appuis>
               <Appuis>
                    <Num>7</Num>
                    <Im>1234.04246520993979 268.599996328357975</Im>
                    <Ter>63.4045007879842615 111.741425623530034 4.94649942754830363</Ter>
               </Appuis>
               <Appuis>
                    <Num>8</Num>
                    <Im>587.794093608872458 917.366389273889354</Im>
                    <Ter>101.029118718792702 56.9218339926330259 -52.4071233712569722</Ter>
               </Appuis>
               <Appuis>
                    <Num>9</Num>
                    <Im>758.700705528254389 94.1963388025865243</Im>
                    <Ter>67.6048375413116958 68.1770558443227515 21.3654024216698133</Ter>
               </Appuis>
          </Verif>
          <ConvOri>
               <KnownConv>eConvApero_DistM2C</KnownConv>
          </ConvOri>
     </OrientationConique>
</ExportAPERO>
