<?xml version="1.0" ?>
<ExportAPERO>
     <OrientationConique>
          <OrIntImaM2C>
               <I00>0 0</I00>
               <V10>1 0</V10>
               <V01>0 1</V01>
          </OrIntImaM2C>
          <TypeProj>eProjStenope</TypeProj>
          <ZoneUtileInPixel>true</ZoneUtileInPixel>
          <FileInterne>Ori-Basc/AutoCal_Foc-14000_Cam-DCGX9.xml</FileInterne>
          <RelativeNameFI>true</RelativeNameFI>
          <Externe>
               <AltiSol>2.60283959196426773</AltiSol>
               <Profondeur>61.517996244366806</Profondeur>
               <Time>-1.00000000000000002e+30</Time>
               <KnownConv>eConvApero_DistM2C</KnownConv>
               <Centre>68.3169530576377326 -13.7345747866283574 64.5604055440305018</Centre>
               <IncCentre>1 1 1</IncCentre>
               <ParamRotation>
                    <CodageMatr>
                         <L1>0.998151807858387863 0.0540507751979309656 0.0277755678526069825</L1>
                         <L2>0.0554912242093108868 -0.996997249244175543 -0.0540111936111328933</L2>
                         <L3>0.024772817861196849 0.0554526708107916447 -0.998153950448108951</L3>
                    </CodageMatr>
               </ParamRotation>
          </Externe>
          <Verif>
               <Tol>0.00100000000000000002</Tol>
               <ShowMes>true</ShowMes>
               <Appuis>
                    <Num>0</Num>
                    <Im>1205.77501201608629 864.380470275719972</Im>
                    <Ter>97.1347518036154725 -33.1343099232092015 15.8929881480681487</Ter>
               </Appuis>
               <Appuis>
                    <Num>1</Num>
                    <Im>911.301137924192972 523.954787492751507</Im>
                    <Ter>77.9048731579624416 -16.6044021645926527 30.0474402408633097</Ter>
               </Appuis>
               <Appuis>
                    <Num>2</Num>
                    <Im>740.043628692620473 328.283602595334742</Im>
                    <Ter>75.1511621386496387 -8.27447877051453418 1.4811524560141649</Ter>
               </Appuis>
               <Appuis>
                    <Num>3</Num>
                    <Im>572.174818039027855 192.08070588177219</Im>
                    <Ter>65.8722858673264398 -3.95369143275264356 15.5367452686100052</Ter>
               </Appuis>
               <Appuis>
                    <Num>4</Num>
                    <Im>639.80070590969251 654.845066070262305</Im>
                    <Ter>71.3332909576764536 -32.9387310316511446 -23.8750223611909149</Ter>
               </Appuis>
               <Appuis>
                    <Num>5</Num>
                    <Im>1152.33696269985762 14.218094274423704</Im>
                    <Ter>99.6560086018511129 12.5721364703071998 -1.80244623121551228</Ter>
               </Appuis>
               <Appuis>
                    <Num>6</Num>
                    <Im>216.922130586358804 824.701226232556678</Im>
                    <Ter>44.2377572066528018 -41.1898546770284923 -4.22394637769730252</Ter>
               </Appuis>
               <Appuis>
                    <Num>7</Num>
                    <Im>1094.23763751970409 967.402685165257026</Im>
                    <Ter>83.8732186225506808 -29.726158399380445 32.8816388544860985</Ter>
               </Appuis>
               <Appuis>
                    <Num>8</Num>
                    <Im>922.499802589298383 109.023167252652243</Im>
                    <Ter>86.6272677944678406 6.75879695541028624 -5.00233094490971553</Ter>
               </Appuis>
               <Appuis>
                    <Num>9</Num>
                    <Im>122.215911627130581 369.08627808096071</Im>
                    <Ter>48.179108509166376 -12.9012474891293873 19.6169107525963895</Ter>
               </Appuis>
          </Verif>
          <ConvOri>
               <KnownConv>eConvApero_DistM2C</KnownConv>
          </ConvOri>
     </OrientationConique>
</ExportAPERO>
