<?xml version="1.0" ?>
<ExportAPERO>
     <OrientationConique>
          <OrIntImaM2C>
               <I00>0 0</I00>
               <V10>1 0</V10>
               <V01>0 1</V01>
          </OrIntImaM2C>
          <TypeProj>eProjStenope</TypeProj>
          <ZoneUtileInPixel>true</ZoneUtileInPixel>
          <FileInterne>Ori-Basc/AutoCal_Foc-14000_Cam-DCGX9.xml</FileInterne>
          <RelativeNameFI>true</RelativeNameFI>
          <Externe>
               <AltiSol>1.70405523572140427</AltiSol>
               <Profondeur>73.0352948769816237</Profondeur>
               <Time>-1.00000000000000002e+30</Time>
               <KnownConv>eConvApero_DistM2C</KnownConv>
               <Centre>54.9416165397415313 32.2873245662465607 74.793026005399625</Centre>
               <IncCentre>1 1 1</IncCentre>
               <ParamRotation>
                    <CodageMatr>
                         <L1>-0.0606767176484265813 0.997431497712852999 0.0380623607479625772</L1>
                         <L2>0.997612525995517085 0.0618593637323269496 -0.0307028841556539825</L2>
                         <L3>-0.0329785371454974358 0.0361085376182226012 -0.998803579087908844</L3>
                    </CodageMatr>
               </ParamRotation>
          </Externe>
          <Verif>
               <Tol>0.00100000000000000002</Tol>
               <ShowMes>true</ShowMes>
               <Appuis>
                    <Num>0</Num>
                    <Im>173.274463892005997 944.38864946362196</Im>
                    <Ter>88.4856295491106266 2.73470475697436299 9.39281687319486025</Ter>
               </Appuis>
               <Appuis>
                    <Num>1</Num>
                    <Im>1173.61010742173812 876.631904125101642</Im>
                    <Ter>90.6677136263077728 78.0792186418352401 -19.6270915204273848</Ter>
               </Appuis>
               <Appuis>
                    <Num>2</Num>
                    <Im>785.436724661489507 959.688950296482403</Im>
                    <Ter>84.20288239704945 40.220689004693277 13.8506230637078218</Ter>
               </Appuis>
               <Appuis>
                    <Num>3</Num>
                    <Im>96.9810454850907888 416.603152513482144</Im>
                    <Ter>55.600854709546546 4.44585808504766788 23.5610233666437665</Ter>
               </Appuis>
               <Appuis>
                    <Num>4</Num>
                    <Im>94.6996046310505903 425.448487758602823</Im>
                    <Ter>55.7119468626917254 12.5259164563452892 38.5536642224298447</Ter>
               </Appuis>
               <Appuis>
                    <Num>5</Num>
                    <Im>154.27869486811548 937.676507234537439</Im>
                    <Ter>102.507918022563118 -11.790995757583147 -18.8463010664023187</Ter>
               </Appuis>
               <Appuis>
                    <Num>6</Num>
                    <Im>1177.34672927850875 799.207889556846453</Im>
                    <Ter>72.75843693772552 60.4235406769474537 16.3463339077713741</Ter>
               </Appuis>
               <Appuis>
                    <Num>7</Num>
                    <Im>213.617342233684468 448.8225359916662</Im>
                    <Ter>56.6326591284139198 12.0737174276843255 27.7944395454186761</Ter>
               </Appuis>
               <Appuis>
                    <Num>8</Num>
                    <Im>103.427320721625762 79.7289000768055018</Im>
                    <Ter>35.6658904207198333 -3.28928008256554705 10.3936066111190257</Ter>
               </Appuis>
               <Appuis>
                    <Num>9</Num>
                    <Im>1089.78554821012517 840.98660802839504</Im>
                    <Ter>77.9605476389161964 58.9163850611660891 8.80743471729999783</Ter>
               </Appuis>
          </Verif>
          <ConvOri>
               <KnownConv>eConvApero_DistM2C</KnownConv>
          </ConvOri>
     </OrientationConique>
</ExportAPERO>
