<?xml version="1.0" ?>
<ExportAPERO>
     <OrientationConique>
          <OrIntImaM2C>
               <I00>0 0</I00>
               <V10>1 0</V10>
               <V01>0 1</V01>
          </OrIntImaM2C>
          <TypeProj>eProjStenope</TypeProj>
          <ZoneUtileInPixel>true</ZoneUtileInPixel>
          <FileInterne>Ori-Basc/AutoCal_Foc-14000_Cam-DCGX9.xml</FileInterne>
          <RelativeNameFI>true</RelativeNameFI>
          <Externe>
               <AltiSol>0.553149719624632663</AltiSol>
               <Profondeur>68.3763461405866906</Profondeur>
               <Time>-1.00000000000000002e+30</Time>
               <KnownConv>eConvApero_DistM2C</KnownConv>
               <Centre>2.03269036908438494 -28.7674038358150739 69.8930177392275453</Centre>
               <IncCentre>1 1 1</IncCentre>
               <ParamRotation>
                    <CodageMatr>
                         <L1>0.999671520765891608 0.000597840591532695963 -0.0256221223991455888</L1>
                         <L2>-0.000186000750688513922 -0.999532333608182166 -0.0305790692386545999</L2>
                         <L3>-0.0256284212024546175 0.0305737903834118092 -0.999203896793973145</L3>
                    </CodageMatr>
               </ParamRotation>
          </Externe>
          <Verif>
               <Tol>0.00100000000000000002</Tol>
               <ShowMes>true</ShowMes>
               <Appuis>
                    <Num>0</Num>
                    <Im>1056.92564678111944 645.937855481702627</Im>
                    <Ter>29.8016540255856022 -43.2462377704594374 -8.5153513095927309</Ter>
               </Appuis>
               <Appuis>
                    <Num>1</Num>
                    <Im>433.169734954981834 552.686614751705747</Im>
                    <Ter>-14.7039927545322087 -36.3855427282504209 -6.79778475729115428</Ter>
               </Appuis>
               <Appuis>
                    <Num>2</Num>
                    <Im>900.345957756032249 646.944546461097616</Im>
                    <Ter>11.9432306838632272 -37.5038256114110737 22.7115696975361914</Ter>
               </Appuis>
               <Appuis>
                    <Num>3</Num>
                    <Im>957.543030738303514 57.7380851363224252</Im>
                    <Ter>23.1977291460471555 -0.26263544837075159 -11.7471067240793161</Ter>
               </Appuis>
               <Appuis>
                    <Num>4</Num>
                    <Im>658.104297637937407 276.203769207007099</Im>
                    <Ter>1.455278539144504 -21.3002531572765044 20.869330933956391</Ter>
               </Appuis>
               <Appuis>
                    <Num>5</Num>
                    <Im>1187.22700881957439 439.275193691253378</Im>
                    <Ter>40.9251569046669417 -28.3952093206226266 -12.6475795909243232</Ter>
               </Appuis>
               <Appuis>
                    <Num>6</Num>
                    <Im>509.158643245862777 921.954086779590284</Im>
                    <Ter>-8.58333497216601948 -60.2728104732611385 -0.635393521063036815</Ter>
               </Appuis>
               <Appuis>
                    <Num>7</Num>
                    <Im>282.348431110385775 518.267643928526695</Im>
                    <Ter>-33.4527096836702 -35.5133000249535726 -29.0391159707557733</Ter>
               </Appuis>
               <Appuis>
                    <Num>8</Num>
                    <Im>1269.14501953116519 646.22504281994577</Im>
                    <Ter>52.8533131458908656 -45.9015279159258043 -22.2127735999198705</Ter>
               </Appuis>
               <Appuis>
                    <Num>9</Num>
                    <Im>826.763505935619037 56.1172031611982902</Im>
                    <Ter>7.36072914437441561 -15.5090373035032396 32.0796909632314282</Ter>
               </Appuis>
          </Verif>
          <ConvOri>
               <KnownConv>eConvApero_DistM2C</KnownConv>
          </ConvOri>
     </OrientationConique>
</ExportAPERO>
