<?xml version="1.0" ?>
<ExportAPERO>
     <OrientationConique>
          <OrIntImaM2C>
               <I00>0 0</I00>
               <V10>1 0</V10>
               <V01>0 1</V01>
          </OrIntImaM2C>
          <TypeProj>eProjStenope</TypeProj>
          <ZoneUtileInPixel>true</ZoneUtileInPixel>
          <FileInterne>Ori-Basc/AutoCal_Foc-14000_Cam-DCGX9.xml</FileInterne>
          <RelativeNameFI>true</RelativeNameFI>
          <Externe>
               <AltiSol>2.58985109459327312</AltiSol>
               <Profondeur>59.4758401263030549</Profondeur>
               <Time>-1.00000000000000002e+30</Time>
               <KnownConv>eConvApero_DistM2C</KnownConv>
               <Centre>104.265662995281204 23.0742240669735921 44.3925956109310462</Centre>
               <IncCentre>1 1 1</IncCentre>
               <ParamRotation>
                    <CodageMatr>
                         <L1>-0.0420223919626686523 0.672845688314544499 -0.738588382179318326</L1>
                         <L2>0.999004821979280311 0.0393573926325954046 -0.0209847875212068255</L2>
                         <L3>0.0149493891474639876 -0.73873518622148393 -0.673829978854033396</L3>
                    </CodageMatr>
               </ParamRotation>
          </Externe>
          <Verif>
               <Tol>0.00100000000000000002</Tol>
               <ShowMes>true</ShowMes>
               <Appuis>
                    <Num>0</Num>
                    <Im>1200.98975372312043 672.538169860828816</Im>
                    <Ter>50.7093309484789927 65.2854772906732421 -22.6778031305958407</Ter>
               </Appuis>
               <Appuis>
                    <Num>1</Num>
                    <Im>162.479823589727232 633.427622794890112</Im>
                    <Ter>68.421981243493704 -3.15409780454425359 -0.807496641660520709</Ter>
               </Appuis>
               <Appuis>
                    <Num>2</Num>
                    <Im>773.026276588364908 839.864045619778267</Im>
                    <Ter>68.8572642678132212 30.6807251020998777 -18.0963319297228935</Ter>
               </Appuis>
               <Appuis>
                    <Num>3</Num>
                    <Im>642.922938823699951 305.904976844787711</Im>
                    <Ter>78.5334483683139268 22.2483607708356708 27.3775035332581851</Ter>
               </Appuis>
               <Appuis>
                    <Num>4</Num>
                    <Im>709.300852775568046 58.8653041273537454</Im>
                    <Ter>23.4722540685897911 25.0879999965066567 12.9019358233423169</Ter>
               </Appuis>
               <Appuis>
                    <Num>5</Num>
                    <Im>642.920621395104149 248.446884155308339</Im>
                    <Ter>74.7921902491999759 22.0979478600089294 26.9842973431926438</Ter>
               </Appuis>
               <Appuis>
                    <Num>6</Num>
                    <Im>927.059961318254182 821.753225325653034</Im>
                    <Ter>85.4482810561817416 31.9540879160311313 12.6841450614883264</Ter>
               </Appuis>
               <Appuis>
                    <Num>7</Num>
                    <Im>574.693862915039176 112.521948516370287</Im>
                    <Ter>62.6251649554728047 18.9038161826118625 25.8354810534051325</Ter>
               </Appuis>
               <Appuis>
                    <Num>8</Num>
                    <Im>1170.68288612356537 849.782176494527448</Im>
                    <Ter>65.3395042960668491 58.8541267913442425 -23.8622811412275624</Ter>
               </Appuis>
               <Appuis>
                    <Num>9</Num>
                    <Im>360.787865638736321 659.372568368908674</Im>
                    <Ter>67.5852544395440731 6.88241363816881702 -3.25644929701253716</Ter>
               </Appuis>
          </Verif>
          <ConvOri>
               <KnownConv>eConvApero_DistM2C</KnownConv>
          </ConvOri>
     </OrientationConique>
</ExportAPERO>
