<?xml version="1.0" ?>
<ExportAPERO>
     <OrientationConique>
          <OrIntImaM2C>
               <I00>0 0</I00>
               <V10>1 0</V10>
               <V01>0 1</V01>
          </OrIntImaM2C>
          <TypeProj>eProjStenope</TypeProj>
          <ZoneUtileInPixel>true</ZoneUtileInPixel>
          <FileInterne>Ori-Basc/AutoCal_Foc-14000_Cam-DCGX9.xml</FileInterne>
          <RelativeNameFI>true</RelativeNameFI>
          <Externe>
               <AltiSol>2.9190601957899216</AltiSol>
               <Profondeur>66.5345459745906851</Profondeur>
               <Time>-1.00000000000000002e+30</Time>
               <KnownConv>eConvApero_DistM2C</KnownConv>
               <Centre>-23.5629400772753037 82.8105219308777691 46.8820827760853547</Centre>
               <IncCentre>1 1 1</IncCentre>
               <ParamRotation>
                    <CodageMatr>
                         <L1>0.047147757610960718 -0.692091302327782931 0.720268504236088014</L1>
                         <L2>-0.996016144862896136 0.0220653866389446465 0.0863999877600015315</L2>
                         <L3>-0.0756896830797475911 -0.721472624535891449 -0.688293777336814405</L3>
                    </CodageMatr>
               </ParamRotation>
          </Externe>
          <Verif>
               <Tol>0.00100000000000000002</Tol>
               <ShowMes>true</ShowMes>
               <Appuis>
                    <Num>0</Num>
                    <Im>691.149516105651855 366.948044657707158</Im>
                    <Ter>17.7328759464345502 84.9178727352999658 14.6370490596396792</Ter>
               </Appuis>
               <Appuis>
                    <Num>1</Num>
                    <Im>274.181020975116951 496.073050975798594</Im>
                    <Ter>28.1807942445842166 114.356888787244117 -3.51759758471062156</Ter>
               </Appuis>
               <Appuis>
                    <Num>2</Num>
                    <Im>71.8552578103253694 508.043902158479852</Im>
                    <Ter>15.0236801714084258 117.670334713690494 8.69681698169534201</Ter>
               </Appuis>
               <Appuis>
                    <Num>3</Num>
                    <Im>354.14654016635734 475.841841458966655</Im>
                    <Ter>17.275316865264724 102.884239492629604 8.47386683754459114</Ter>
               </Appuis>
               <Appuis>
                    <Num>4</Num>
                    <Im>978.065637588434697 611.817021846738498</Im>
                    <Ter>25.241209099225653 66.4980027272803937 -13.2246541263193436</Ter>
               </Appuis>
               <Appuis>
                    <Num>5</Num>
                    <Im>573.265052318603239 642.640560149972089</Im>
                    <Ter>18.7121604450026631 93.3422347794291483 -7.67544329608488596</Ter>
               </Appuis>
               <Appuis>
                    <Num>6</Num>
                    <Im>1289.00499629967862 507.830640792836334</Im>
                    <Ter>18.1599040650726486 53.5457844739364077 3.7025804457580378</Ter>
               </Appuis>
               <Appuis>
                    <Num>7</Num>
                    <Im>1164.43463515880967 507.836492299427505</Im>
                    <Ter>39.3453586383498077 48.6605977044203826 -17.8829476605591822</Ter>
               </Appuis>
               <Appuis>
                    <Num>8</Num>
                    <Im>106.27421414853842 856.234998464567411</Im>
                    <Ter>10.5389602720841786 127.075779487778561 -21.0952001829196263</Ter>
               </Appuis>
               <Appuis>
                    <Num>9</Num>
                    <Im>314.013157367707663 291.769473552704653</Im>
                    <Ter>32.825267609313201 108.947570465483508 9.72490957652083665</Ter>
               </Appuis>
          </Verif>
          <ConvOri>
               <KnownConv>eConvApero_DistM2C</KnownConv>
          </ConvOri>
     </OrientationConique>
</ExportAPERO>
