<?xml version="1.0" ?>
<ExportAPERO>
     <OrientationConique>
          <OrIntImaM2C>
               <I00>0 0</I00>
               <V10>1 0</V10>
               <V01>0 1</V01>
          </OrIntImaM2C>
          <TypeProj>eProjStenope</TypeProj>
          <ZoneUtileInPixel>true</ZoneUtileInPixel>
          <FileInterne>Ori-Basc/AutoCal_Foc-14000_Cam-DCGX9.xml</FileInterne>
          <RelativeNameFI>true</RelativeNameFI>
          <Externe>
               <AltiSol>3.4381826618059379</AltiSol>
               <Profondeur>75.6200716520940546</Profondeur>
               <Time>-1.00000000000000002e+30</Time>
               <KnownConv>eConvApero_DistM2C</KnownConv>
               <Centre>139.797718124945078 -5.3702364850522164 61.1667425333640793</Centre>
               <IncCentre>1 1 1</IncCentre>
               <ParamRotation>
                    <CodageMatr>
                         <L1>-0.0328776227307859964 0.759125437925506352 -0.650113552710586351</L1>
                         <L2>0.999109521087434005 0.0421724864556924164 -0.00128306608666452302</L2>
                         <L3>0.0264428968914227069 -0.649576824463860225 -0.75983598383035067</L3>
                    </CodageMatr>
               </ParamRotation>
          </Externe>
          <Verif>
               <Tol>0.00100000000000000002</Tol>
               <ShowMes>true</ShowMes>
               <Appuis>
                    <Num>0</Num>
                    <Im>964.580288885695381 0.744002811855373869</Im>
                    <Ter>61.3005330844543437 16.5166360351054173 24.320494477648019</Ter>
               </Appuis>
               <Appuis>
                    <Num>1</Num>
                    <Im>1239.31538772566819 36.9988699258262699</Im>
                    <Ter>41.9371730730028247 48.2845720106906029 13.2795548140408783</Ter>
               </Appuis>
               <Appuis>
                    <Num>2</Num>
                    <Im>594.778514385223502 54.7266192734364481</Im>
                    <Ter>63.9852308304662074 -10.307246777133301 20.2003009224449741</Ter>
               </Appuis>
               <Appuis>
                    <Num>3</Num>
                    <Im>827.125488280232958 303.189008474969739</Im>
                    <Ter>59.510927754498482 11.1652738058330137 -6.21157454761314654</Ter>
               </Appuis>
               <Appuis>
                    <Num>4</Num>
                    <Im>476.844805240631331 684.568984508514291</Im>
                    <Ter>110.385310471553993 -13.8461917069903677 9.2273585360530177</Ter>
               </Appuis>
               <Appuis>
                    <Num>5</Num>
                    <Im>796.710551260542047 245.945944191379709</Im>
                    <Ter>89.5299384638917388 2.64970725401129403 23.033539141439249</Ter>
               </Appuis>
               <Appuis>
                    <Num>6</Num>
                    <Im>84.9497480403606744 242.3751053813439</Im>
                    <Ter>52.6765069430415167 -62.5751475581741445 -7.94299145976854248</Ter>
               </Appuis>
               <Appuis>
                    <Num>7</Num>
                    <Im>464.946084022526861 762.324101686465724</Im>
                    <Ter>89.5878053615151941 -22.5288398711636653 -43.6321925294831274</Ter>
               </Appuis>
               <Appuis>
                    <Num>8</Num>
                    <Im>258.006914377229577 574.665860652915626</Im>
                    <Ter>91.7912084020595671 -34.7376041398204833 -8.32426222307325503</Ter>
               </Appuis>
               <Appuis>
                    <Num>9</Num>
                    <Im>290.807528257372951 530.629734992979934</Im>
                    <Ter>85.0179998363408913 -34.5054431546150795 -11.4944865939624847</Ter>
               </Appuis>
          </Verif>
          <ConvOri>
               <KnownConv>eConvApero_DistM2C</KnownConv>
          </ConvOri>
     </OrientationConique>
</ExportAPERO>
