<?xml version="1.0" ?>
<ExportAPERO>
     <OrientationConique>
          <OrIntImaM2C>
               <I00>0 0</I00>
               <V10>1 0</V10>
               <V01>0 1</V01>
          </OrIntImaM2C>
          <TypeProj>eProjStenope</TypeProj>
          <ZoneUtileInPixel>true</ZoneUtileInPixel>
          <FileInterne>Ori-Basc/AutoCal_Foc-14000_Cam-DCGX9.xml</FileInterne>
          <RelativeNameFI>true</RelativeNameFI>
          <Externe>
               <AltiSol>3.59559329990310772</AltiSol>
               <Profondeur>50.9790858556193243</Profondeur>
               <Time>-1.00000000000000002e+30</Time>
               <KnownConv>eConvApero_DistM2C</KnownConv>
               <Centre>46.3789589473054775 69.9564074153039002 43.2312629281221845</Centre>
               <IncCentre>1 1 1</IncCentre>
               <ParamRotation>
                    <CodageMatr>
                         <L1>0.0657022607672336362 -0.633897286495321843 0.770621465509456427</L1>
                         <L2>-0.997796024690735028 -0.0489270541967256195 0.0448245075711584395</L2>
                         <L3>0.00929010449029494915 -0.77186810631188707 -0.635714810600681912</L3>
                    </CodageMatr>
               </ParamRotation>
          </Externe>
          <Verif>
               <Tol>0.00100000000000000002</Tol>
               <ShowMes>true</ShowMes>
               <Appuis>
                    <Num>0</Num>
                    <Im>769.470723152136316 341.068914055839628</Im>
                    <Ter>70.6477494913184785 68.1409221593242762 27.9914568978059393</Ter>
               </Appuis>
               <Appuis>
                    <Num>1</Num>
                    <Im>687.488210678098881 764.520212888711967</Im>
                    <Ter>88.4705001953327468 69.3428514324319849 -14.8402834931072789</Ter>
               </Appuis>
               <Appuis>
                    <Num>2</Num>
                    <Im>1258.04322338045267 864.949572801179897</Im>
                    <Ter>75.1244454235765744 42.7825394398949754 -1.98289594199804498</Ter>
               </Appuis>
               <Appuis>
                    <Num>3</Num>
                    <Im>1248.60649967181098 77.2161774337888716</Im>
                    <Ter>118.289922848576524 35.4992295882541598 19.5606578807700799</Ter>
               </Appuis>
               <Appuis>
                    <Num>4</Num>
                    <Im>688.112525939940952 131.021053969861526</Im>
                    <Ter>80.2210976824866293 70.6147980586569304 29.6590595482253931</Ter>
               </Appuis>
               <Appuis>
                    <Num>5</Num>
                    <Im>364.039526939400218 699.493919849385975</Im>
                    <Ter>88.1267944423782978 89.2742032752581309 -9.82908047256801609</Ter>
               </Appuis>
               <Appuis>
                    <Num>6</Num>
                    <Im>1195.22206020354179 566.888048887249965</Im>
                    <Ter>70.4885078136656205 54.9029756004257763 20.9465012305015854</Ter>
               </Appuis>
               <Appuis>
                    <Num>7</Num>
                    <Im>5.13532881440211852 682.459545135490885</Im>
                    <Ter>83.0832167228801666 107.442864987760018 -4.09070895078593111</Ter>
               </Appuis>
               <Appuis>
                    <Num>8</Num>
                    <Im>750.767452238714554 201.879909219393824</Im>
                    <Ter>117.967644100299808 66.8095280794712068 9.58206288093148828</Ter>
               </Appuis>
               <Appuis>
                    <Num>9</Num>
                    <Im>223.388374328617402 886.612895250315432</Im>
                    <Ter>62.0556188930204158 82.7559842287704299 14.3405499722403285</Ter>
               </Appuis>
          </Verif>
          <ConvOri>
               <KnownConv>eConvApero_DistM2C</KnownConv>
          </ConvOri>
     </OrientationConique>
</ExportAPERO>
