<?xml version="1.0" ?>
<ExportAPERO>
     <OrientationConique>
          <OrIntImaM2C>
               <I00>0 0</I00>
               <V10>1 0</V10>
               <V01>0 1</V01>
          </OrIntImaM2C>
          <TypeProj>eProjStenope</TypeProj>
          <ZoneUtileInPixel>true</ZoneUtileInPixel>
          <FileInterne>Ori-Basc/AutoCal_Foc-14000_Cam-DCGX9.xml</FileInterne>
          <RelativeNameFI>true</RelativeNameFI>
          <Externe>
               <AltiSol>-0.192132740574323418</AltiSol>
               <Profondeur>63.485672943492709</Profondeur>
               <Time>-1.00000000000000002e+30</Time>
               <KnownConv>eConvApero_DistM2C</KnownConv>
               <Centre>-8.1498051987848541 -14.0644882447208968 63.7676910908242576</Centre>
               <IncCentre>1 1 1</IncCentre>
               <ParamRotation>
                    <CodageMatr>
                         <L1>0.999279686471564621 0.0339179411430608341 -0.0170200315483682793</L1>
                         <L2>0.0337407706856456199 -0.999374500197970916 -0.0105909748179627873</L2>
                         <L3>-0.0173686095825275472 0.010009077013986142 -0.999799054699742062</L3>
                    </CodageMatr>
               </ParamRotation>
          </Externe>
          <Verif>
               <Tol>0.00100000000000000002</Tol>
               <ShowMes>true</ShowMes>
               <Appuis>
                    <Num>0</Num>
                    <Im>891.993404388294948 770.826399564582857</Im>
                    <Ter>3.27727618012498212 -28.1239299754073429 11.9758295714936267</Ter>
               </Appuis>
               <Appuis>
                    <Num>1</Num>
                    <Im>1192.95762348174458 440.040669322013457</Im>
                    <Ter>13.7413842627863829 -12.2288264996884344 18.6994774325915571</Ter>
               </Appuis>
               <Appuis>
                    <Num>2</Num>
                    <Im>728.723453520392923 182.763093176200783</Im>
                    <Ter>-3.22879275843708768 10.5513497057701588 -30.7962716009759987</Ter>
               </Appuis>
               <Appuis>
                    <Num>3</Num>
                    <Im>1215.08350467676109 733.543840169875693</Im>
                    <Ter>25.1003544734005146 -28.7328822878248538 -0.28081477536235866</Ter>
               </Appuis>
               <Appuis>
                    <Num>4</Num>
                    <Im>392.528410434733587 735.315282583220664</Im>
                    <Ter>-17.9204738854046575 -24.4959922534969365 22.9569302284446337</Ter>
               </Appuis>
               <Appuis>
                    <Num>5</Num>
                    <Im>992.911471366852766 970.169810771900416</Im>
                    <Ter>21.2481091112156406 -55.5521226625877418 -27.1452530238602208</Ter>
               </Appuis>
               <Appuis>
                    <Num>6</Num>
                    <Im>152.626609683301638 561.223384380246102</Im>
                    <Ter>-37.8471026310120919 -20.6292341297736925 0.360678854287819206</Ter>
               </Appuis>
               <Appuis>
                    <Num>7</Num>
                    <Im>1011.88425922344777 141.629401982148408</Im>
                    <Ter>8.4940688443225234 2.45776877064918331 9.95846598313766407</Ter>
               </Appuis>
               <Appuis>
                    <Num>8</Num>
                    <Im>863.000905036891254 105.746048033278825</Im>
                    <Ter>7.64877159709708287 16.6631952198747229 -28.0061301540013687</Ter>
               </Appuis>
               <Appuis>
                    <Num>9</Num>
                    <Im>1267.79488563528594 657.959052801097641</Im>
                    <Ter>22.4243009467095646 -22.5944934362576504 9.66234337859875581</Ter>
               </Appuis>
          </Verif>
          <ConvOri>
               <KnownConv>eConvApero_DistM2C</KnownConv>
          </ConvOri>
     </OrientationConique>
</ExportAPERO>
