<?xml version="1.0" ?>
<ExportAPERO>
     <OrientationConique>
          <OrIntImaM2C>
               <I00>0 0</I00>
               <V10>1 0</V10>
               <V01>0 1</V01>
          </OrIntImaM2C>
          <TypeProj>eProjStenope</TypeProj>
          <ZoneUtileInPixel>true</ZoneUtileInPixel>
          <FileInterne>Ori-Basc/AutoCal_Foc-14000_Cam-DCGX9.xml</FileInterne>
          <RelativeNameFI>true</RelativeNameFI>
          <Externe>
               <AltiSol>4.35326094411414388</AltiSol>
               <Profondeur>57.149944466955219</Profondeur>
               <Time>-1.00000000000000002e+30</Time>
               <KnownConv>eConvApero_DistM2C</KnownConv>
               <Centre>4.47820477663983674 75.2370124004949332 33.1467821246746084</Centre>
               <IncCentre>1 1 1</IncCentre>
               <ParamRotation>
                    <CodageMatr>
                         <L1>0.0319194747915465676 -0.577546460429613662 0.815733555258245202</L1>
                         <L2>-0.993266856776094609 0.0726070513909859161 0.0902727385119344583</L2>
                         <L3>-0.111364708768842871 -0.813122562799441395 -0.571340178446518299</L3>
                    </CodageMatr>
               </ParamRotation>
          </Externe>
          <Verif>
               <Tol>0.00100000000000000002</Tol>
               <ShowMes>true</ShowMes>
               <Appuis>
                    <Num>0</Num>
                    <Im>470.565771102916131 41.7671892643300566</Im>
                    <Ter>69.5573926825631901 88.8506756722033657 18.846247529000884</Ter>
               </Appuis>
               <Appuis>
                    <Num>1</Num>
                    <Im>896.45746707909359 108.257423669170876</Im>
                    <Ter>36.4851230309850791 70.0327938905494847 23.0433088071199705</Ter>
               </Appuis>
               <Appuis>
                    <Num>2</Num>
                    <Im>66.19349008924533 498.168411969884858</Im>
                    <Ter>66.9176792754222873 124.311375941362655 -8.69012608520244356</Ter>
               </Appuis>
               <Appuis>
                    <Num>3</Num>
                    <Im>1072.17517662045407 891.917199611634146</Im>
                    <Ter>47.1854255637326361 55.6673880697997845 -32.2494651319816867</Ter>
               </Appuis>
               <Appuis>
                    <Num>4</Num>
                    <Im>970.664697647079038 352.107985138896311</Im>
                    <Ter>35.6528363626148845 67.6764945239129645 15.2781488530537253</Ter>
               </Appuis>
               <Appuis>
                    <Num>5</Num>
                    <Im>694.923216819763411 478.029146432876644</Im>
                    <Ter>40.0813122429230333 77.1213158815253053 8.03142076106903602</Ter>
               </Appuis>
               <Appuis>
                    <Num>6</Num>
                    <Im>634.91127920149961 851.548636436352581</Im>
                    <Ter>43.9703117999214967 83.0517457378533805 -21.1731427250193249</Ter>
               </Appuis>
               <Appuis>
                    <Num>7</Num>
                    <Im>1173.07084178922651 709.261823415746107</Im>
                    <Ter>34.9271016666727832 58.7766836824657517 -1.32287378277518997</Ter>
               </Appuis>
               <Appuis>
                    <Num>8</Num>
                    <Im>897.403827667228825 219.50517028570701</Im>
                    <Ter>81.7252250764885133 62.4895130716867229 0.542853739550430703</Ter>
               </Appuis>
               <Appuis>
                    <Num>9</Num>
                    <Im>565.515223503112679 539.502763509750253</Im>
                    <Ter>46.0286206927764852 83.9708538904156114 0.760564329222454205</Ter>
               </Appuis>
          </Verif>
          <ConvOri>
               <KnownConv>eConvApero_DistM2C</KnownConv>
          </ConvOri>
     </OrientationConique>
</ExportAPERO>
