<?xml version="1.0" ?>
<ExportAPERO>
     <OrientationConique>
          <OrIntImaM2C>
               <I00>0 0</I00>
               <V10>1 0</V10>
               <V01>0 1</V01>
          </OrIntImaM2C>
          <TypeProj>eProjStenope</TypeProj>
          <ZoneUtileInPixel>true</ZoneUtileInPixel>
          <FileInterne>Ori-Basc/AutoCal_Foc-14000_Cam-DCGX9.xml</FileInterne>
          <RelativeNameFI>true</RelativeNameFI>
          <Externe>
               <AltiSol>4.3681908319043341</AltiSol>
               <Profondeur>69.9998575501294056</Profondeur>
               <Time>-1.00000000000000002e+30</Time>
               <KnownConv>eConvApero_DistM2C</KnownConv>
               <Centre>9.55385495707735188 -18.3371118156687665 44.6626683359017917</Centre>
               <IncCentre>1 1 1</IncCentre>
               <ParamRotation>
                    <CodageMatr>
                         <L1>0.0282774503473286233 -0.564602348546708988 0.824878520642521651</L1>
                         <L2>-0.998400888771319051 -0.0563624229584039349 -0.00435230730743433637</L2>
                         <L3>0.0489494749971307666 -0.823436375984082036 -0.565293272208069575</L3>
                    </CodageMatr>
               </ParamRotation>
          </Externe>
          <Verif>
               <Tol>0.00100000000000000002</Tol>
               <ShowMes>true</ShowMes>
               <Appuis>
                    <Num>0</Num>
                    <Im>1057.91727447487119 455.600666999800524</Im>
                    <Ter>82.9160403936024295 -51.5875298223976841 -1.22537170671245832</Ter>
               </Appuis>
               <Appuis>
                    <Num>1</Num>
                    <Im>337.521577835100743 129.865207493324533</Im>
                    <Ter>74.322739991461745 0.679579853841172365 24.1004186937842988</Ter>
               </Appuis>
               <Appuis>
                    <Num>2</Num>
                    <Im>880.494246479036519 517.104352711481056</Im>
                    <Ter>72.5053091459502355 -35.6498019571829374 -0.682023644397382611</Ter>
               </Appuis>
               <Appuis>
                    <Num>3</Num>
                    <Im>269.086598396308261 532.541671514508494</Im>
                    <Ter>55.0148018659400009 0.960661091107901655 8.65698470268740294</Ter>
               </Appuis>
               <Appuis>
                    <Num>4</Num>
                    <Im>1193.5844879150161 683.263403177250552</Im>
                    <Ter>59.8330990144180248 -54.4234365294025366 -3.26993452086842495</Ter>
               </Appuis>
               <Appuis>
                    <Num>5</Num>
                    <Im>310.392387628557742 274.409471154214145</Im>
                    <Ter>59.3474293793125156 -1.61233395523901279 21.5836546401627807</Ter>
               </Appuis>
               <Appuis>
                    <Num>6</Num>
                    <Im>544.652302265275353 930.617677687542255</Im>
                    <Ter>53.1724098380580585 -13.7250819558163002 -23.2013917567297128</Ter>
               </Appuis>
               <Appuis>
                    <Num>7</Num>
                    <Im>715.906760214315341 693.26577257748113</Im>
                    <Ter>48.0659737049435449 -22.7525053079640287 5.71912454098317369</Ter>
               </Appuis>
               <Appuis>
                    <Num>8</Num>
                    <Im>233.535814762816187 784.084987878056381</Im>
                    <Ter>56.3022599046466041 7.04974732290493478 -13.6034881639911944</Ter>
               </Appuis>
               <Appuis>
                    <Num>9</Num>
                    <Im>178.663759946937517 535.200747013057253</Im>
                    <Ter>41.7591669708959046 -1.15599294051507684 18.7649358006945235</Ter>
               </Appuis>
          </Verif>
          <ConvOri>
               <KnownConv>eConvApero_DistM2C</KnownConv>
          </ConvOri>
     </OrientationConique>
</ExportAPERO>
